<DB>
<Tbl name="EthPortConfProduct" RowCount="5">
<Row No="0">
<DM name="ViewName" val="DEV.ETH.IF1"/>
<DM name="TR098ViewName" val="IGD.LD1.ETH1"/>
<DM name="RViewName" val="IGD.LD1"/>
<DM name="IFName" val="eth0"/>
<DM name="Enable" val="1"/>
<DM name="PortIsolateEn" val="0"/>
<DM name="FlowCtlEn" val="0"/>
<DM name="AutoNegEn" val="1"/>
<DM name="MaxBitRate" val="0"/>
<DM name="DuplexMode" val="0"/>
<DM name="InLoopBack" val="0"/>
<DM name="OutLoopBack" val="0"/>
<DM name="MacLimitEn" val="0"/>
<DM name="MacLimit" val="4095"/>
<DM name="SupportMaxBitRate" val="3"/>
<DM name="AliasName" val="LAN1"/>
<DM name="LastChange" val="0"/>
<DM name="LowerLayers" val=""/>
<DM name="SupportUPstream" val="0"/>
<DM name="UpStream" val="0"/>
<DM name="EEECapability" val="0"/>
<DM name="EEEEnable" val="0"/>
</Row>
<Row No="1">
<DM name="ViewName" val="DEV.ETH.IF2"/>
<DM name="TR098ViewName" val="IGD.LD1.ETH2"/>
<DM name="RViewName" val="IGD.LD1"/>
<DM name="IFName" val="eth1"/>
<DM name="Enable" val="1"/>
<DM name="PortIsolateEn" val="0"/>
<DM name="FlowCtlEn" val="0"/>
<DM name="AutoNegEn" val="1"/>
<DM name="MaxBitRate" val="0"/>
<DM name="DuplexMode" val="0"/>
<DM name="InLoopBack" val="0"/>
<DM name="OutLoopBack" val="0"/>
<DM name="MacLimitEn" val="0"/>
<DM name="MacLimit" val="4095"/>
<DM name="SupportMaxBitRate" val="3"/>
<DM name="AliasName" val="LAN2"/>
<DM name="LastChange" val="0"/>
<DM name="LowerLayers" val=""/>
<DM name="SupportUPstream" val="0"/>
<DM name="UpStream" val="0"/>
<DM name="EEECapability" val="0"/>
<DM name="EEEEnable" val="0"/>
</Row>
<Row No="2">
<DM name="ViewName" val="DEV.ETH.IF3"/>
<DM name="TR098ViewName" val="IGD.LD1.ETH3"/>
<DM name="RViewName" val="IGD.LD1"/>
<DM name="IFName" val="eth2"/>
<DM name="Enable" val="1"/>
<DM name="PortIsolateEn" val="0"/>
<DM name="FlowCtlEn" val="0"/>
<DM name="AutoNegEn" val="1"/>
<DM name="MaxBitRate" val="0"/>
<DM name="DuplexMode" val="0"/>
<DM name="InLoopBack" val="0"/>
<DM name="OutLoopBack" val="0"/>
<DM name="MacLimitEn" val="0"/>
<DM name="MacLimit" val="4095"/>
<DM name="SupportMaxBitRate" val="3"/>
<DM name="AliasName" val="LAN3"/>
<DM name="LastChange" val="0"/>
<DM name="LowerLayers" val=""/>
<DM name="SupportUPstream" val="0"/>
<DM name="UpStream" val="0"/>
<DM name="EEECapability" val="0"/>
<DM name="EEEEnable" val="0"/>
</Row>
<Row No="3">
<DM name="ViewName" val="DEV.ETH.IF4"/>
<DM name="TR098ViewName" val="IGD.LD1.ETH4"/>
<DM name="RViewName" val="IGD.LD1"/>
<DM name="IFName" val="eth3"/>
<DM name="Enable" val="1"/>
<DM name="PortIsolateEn" val="0"/>
<DM name="FlowCtlEn" val="0"/>
<DM name="AutoNegEn" val="1"/>
<DM name="MaxBitRate" val="0"/>
<DM name="DuplexMode" val="0"/>
<DM name="InLoopBack" val="0"/>
<DM name="OutLoopBack" val="0"/>
<DM name="MacLimitEn" val="0"/>
<DM name="MacLimit" val="4095"/>
<DM name="SupportMaxBitRate" val="3"/>
<DM name="AliasName" val="LAN4"/>
<DM name="LastChange" val="0"/>
<DM name="LowerLayers" val=""/>
<DM name="SupportUPstream" val="0"/>
<DM name="UpStream" val="0"/>
<DM name="EEECapability" val="0"/>
<DM name="EEEEnable" val="0"/>
</Row>
<Row No="4">
<DM name="ViewName" val="DEV.ETH.IF5"/>
<DM name="TR098ViewName" val="IGD.WD1.ETH1"/>
<DM name="RViewName" val="IGD.WD1"/>
<DM name="IFName" val="eth4"/>
<DM name="Enable" val="1"/>
<DM name="PortIsolateEn" val="1"/>
<DM name="FlowCtlEn" val="0"/>
<DM name="AutoNegEn" val="1"/>
<DM name="MaxBitRate" val="0"/>
<DM name="DuplexMode" val="0"/>
<DM name="InLoopBack" val="0"/>
<DM name="OutLoopBack" val="0"/>
<DM name="MacLimitEn" val="0"/>
<DM name="MacLimit" val="4095"/>
<DM name="SupportMaxBitRate" val="3"/>
<DM name="AliasName" val="ETH_WAN"/>
<DM name="LastChange" val="0"/>
<DM name="LowerLayers" val=""/>
<DM name="SupportUPstream" val="1"/>
<DM name="UpStream" val="1"/>
<DM name="EEECapability" val="0"/>
<DM name="EEEEnable" val="0"/>
</Row>
</Tbl>
<Tbl name="WAND" RowCount="2">
<Row No="0">
<DM name="ViewName" val="IGD.WD1"/>
<DM name="WANDType" val="1"/>
<DM name="WANCDCapcity" val="1"/>
<DM name="TriggerEnable" val="1"/>
<DM name="DSLChannel" val=""/>
<DM name="DSLLine" val=""/>
<DM name="EthInterface" val="DEV.ETH.IF5"/>
<DM name="POTSInterface" val=""/>
</Row>
<Row No="1">
<DM name="ViewName" val="IGD.WD2"/>
<DM name="WANDType" val="2"/>
<DM name="WANCDCapcity" val="1"/>
<DM name="TriggerEnable" val="1"/>
<DM name="DSLChannel" val=""/>
<DM name="DSLLine" val=""/>
<DM name="EthInterface" val=""/>
<DM name="POTSInterface" val="DEV.POTS1"/>
</Row>
</Tbl>
<Tbl name="WANCD" RowCount="3">
<Row No="0">
<DM name="ViewName" val="IGD.WD1.WCD1"/>
<DM name="WANDViewName" val="IGD.WD1"/>
<DM name="WANCCapcity" val="0"/>
<DM name="LinkType" val="1"/>
<DM name="Enabled" val="0"/>
<DM name="EthInterface" val="DEV.ETH.IF5"/>
<DM name="ATMLink" val=""/>
<DM name="PTMLink" val=""/>
<DM name="POTSInterface" val=""/>
<DM name="WIFISta" val=""/>
<DM name="PONOptical" val=""/>
</Row>
<Row No="1">
<DM name="ViewName" val="IGD.WD2.WCD1"/>
<DM name="WANDViewName" val="IGD.WD2"/>
<DM name="WANCCapcity" val="0"/>
<DM name="LinkType" val="6"/>
<DM name="Enabled" val="0"/>
<DM name="EthInterface" val=""/>
<DM name="ATMLink" val=""/>
<DM name="PTMLink" val=""/>
<DM name="POTSInterface" val="DEV.DT1"/>
<DM name="WIFISta" val=""/>
<DM name="PONOptical" val=""/>
</Row>
<Row No="2">
<DM name="ViewName" val="IGD.WD2.WCD2"/>
<DM name="WANDViewName" val="IGD.WD2"/>
<DM name="WANCCapcity" val="0"/>
<DM name="LinkType" val="8"/>
<DM name="Enabled" val="0"/>
<DM name="EthInterface" val=""/>
<DM name="ATMLink" val=""/>
<DM name="PTMLink" val=""/>
<DM name="POTSInterface" val="DEV.DT2"/>
<DM name="WIFISta" val=""/>
<DM name="PONOptical" val=""/>
</Row>
</Tbl>
<Tbl name="WANCIP" RowCount="4">
<Row No="0">
<DM name="ViewName" val="IGD.WD1.WCD1.WCIP1"/>
<DM name="WANCName" val="Voice"/>
<DM name="WANCDViewName" val="IGD.WD1.WCD1"/>
<DM name="WANCType" val="1"/>
<DM name="ConnType" val="1"/>
<DM name="AddressingType" val="0"/>
<DM name="DHCPClient" val="DEV.V4DP.CLIENT2"/>
<DM name="IPv4Address" val=""/>
<DM name="IPInterface" val="DEV.IP.IF4"/>
<DM name="EthVlan" val="DEV.ETH.VLAN2"/>
<DM name="EthLink" val="DEV.ETH.LINK3"/>
<DM name="Brport" val=""/>
<DM name="HideListView" val="0"/>
</Row>
<Row No="1">
<DM name="ViewName" val="IGD.WD1.WCD1.WCIP2"/>
<DM name="WANCName" val="IPTV"/>
<DM name="WANCDViewName" val="IGD.WD1.WCD1"/>
<DM name="WANCType" val="1"/>
<DM name="ConnType" val="1"/>
<DM name="AddressingType" val="0"/>
<DM name="DHCPClient" val="DEV.V4DP.CLIENT3"/>
<DM name="IPv4Address" val=""/>
<DM name="IPInterface" val="DEV.IP.IF5"/>
<DM name="EthVlan" val="DEV.ETH.VLAN3"/>
<DM name="EthLink" val="DEV.ETH.LINK4"/>
<DM name="Brport" val=""/>
<DM name="HideListView" val="0"/>
</Row>
<Row No="2">
<DM name="ViewName" val="IGD.WD1.WCD1.WCIP3"/>
<DM name="WANCName" val="Managment"/>
<DM name="WANCDViewName" val="IGD.WD1.WCD1"/>
<DM name="WANCType" val="1"/>
<DM name="ConnType" val="1"/>
<DM name="AddressingType" val="0"/>
<DM name="DHCPClient" val="DEV.V4DP.CLIENT4"/>
<DM name="IPv4Address" val=""/>
<DM name="IPInterface" val="DEV.IP.IF6"/>
<DM name="EthVlan" val="DEV.ETH.VLAN4"/>
<DM name="EthLink" val="DEV.ETH.LINK5"/>
<DM name="Brport" val=""/>
<DM name="HideListView" val="0"/>
</Row>
<Row No="3">
<DM name="ViewName" val="IGD.WD2.WCD2.WCIP1"/>
<DM name="WANCName" val="Route_3G"/>
<DM name="WANCDViewName" val="IGD.WD2.WCD2"/>
<DM name="WANCType" val="0"/>
<DM name="ConnType" val="1"/>
<DM name="AddressingType" val="0"/>
<DM name="DHCPClient" val="DEV.V4DP.CLIENT1"/>
<DM name="IPv4Address" val=""/>
<DM name="IPInterface" val="DEV.IP.IF2"/>
<DM name="EthVlan" val=""/>
<DM name="EthLink" val=""/>
<DM name="Brport" val=""/>
<DM name="HideListView" val="0"/>
</Row>
</Tbl>
<Tbl name="WANCPPP" RowCount="1">
<Row No="0">
<DM name="ViewName" val="IGD.WD1.WCD1.WCPPP1"/>
<DM name="EnablePassThrough" val="0"/>
<DM name="PassThroughViewName" val=""/>
<DM name="HideListView" val="0"/>
<DM name="WANCName" val="Internet"/>
<DM name="WANCDViewName" val="IGD.WD1.WCD1"/>
<DM name="WANCType" val="0"/>
<DM name="ConnType" val="1"/>
<DM name="IPInterface" val="DEV.IP.IF3"/>
<DM name="PPPInterface" val="DEV.PPP.IF1"/>
<DM name="EthVlan" val="DEV.ETH.VLAN1"/>
<DM name="EthLink" val="DEV.ETH.LINK2"/>
<DM name="Brport" val=""/>
</Row>
</Tbl>
<Tbl name="WLANBase" RowCount="2">
<Row No="0">
<DM name="CountryCode" val="11"/>
<DM name="PowerEnhance" val="0"/>
<DM name="AntennaGain" val="10"/>
<DM name="TargetPower" val="32"/>
<DM name="BandWidth" val="2"/>
</Row>
<Row No="1">
<DM name="CountryCode" val="11"/>
<DM name="PowerEnhance" val="0"/>
<DM name="AntennaGain" val="6"/>
<DM name="TargetPower" val="36"/>
</Row>
</Tbl>
<Tbl name="WLANCfg" RowCount="10">
<Row No="3">
<DM name="GuestSsid" val="1"/>
<DM name="BeaconType" val="0"/>
<DM name="VapIsolationEnable" val="1"/>
</Row>
</Tbl>
<Tbl name="DevInfo" RowCount="1">
<Row No="0">
<DM name="CfgLable" val="V7.0.0_TY_T1"/>
</Row>
</Tbl>
<!-- Tbl name="DevAuthInfo"
0  WEB Admin Account
1  WEB User  Account
2  CLI Account (root/public)
3  CLI Account (zte/enable), No use
4  FTP Account, No use
5  Samba Account, No use
6  Telnet enter shell Account
</Tbl -->
<Tbl name="DevAuthInfo" RowCount="7">
<Row No="0">
<DM name="User" val="admin"/>
<DM name="Pass" val="admin"/>
<DM name="ChgPwd" val="1"/>
</Row>
<Row No="1">
<DM name="User" val="user"/>
<DM name="Pass" val="user"/>
<DM name="ChgPwd" val="1"/>
</Row>
<Row No="2">
<DM name="User" val="admin"/>
<DM name="Pass" val="Haikui_V2"/>
</Row>
<Row No="4">
<DM name="User" val="admin"/>
<DM name="Pass" val="Haikui_V2"/>
</Row>
<Row No="6">
<DM name="User" val="admin"/>
<DM name="Pass" val="Haikui_V2"/>
</Row>
</Tbl>
<Tbl name="SNTP" RowCount="1">
<Row No="0">
<DM name="Enable" val="1"/>
<DM name="NtpServer1" val="0.pool.ntp.org"/>
<DM name="NtpServer2" val="1.pool.ntp.org"/>
<DM name="NtpServer3" val="2.pool.ntp.org"/>
<DM name="NtpServer4" val="3.pool.ntp.org"/>
<DM name="DaylightSavingsUsed" val="1"/>
<DM name="PollTimeInterval" val="86400"/>
<DM name="SupportAccessRefuse" val="1"/>
<DM name="iZoneIndex" val="43"/>
<DM name="sPosixTimeZoneName" val="CET+01:00CEST+01:00:00,M3.5.0/02:00:00,M10.4.0/03:00:00"/>
</Row>
</Tbl>
<Tbl name="QOSQueue" RowCount="24">
<Row No="0">
<DM name="ViewName" val="DEV.QOS.QQ1"/>
<DM name="Enable" val="1"/>
<DM name="Status" val="0"/>
<DM name="Alias" val="QOS.Queue.1"/>
<DM name="TrafficClasses" val="1"/>
<DM name="QueueInterface" val="WAN_AD"/>
<DM name="HardwareAssisted" val="0"/>
<DM name="DefaultQueue" val="0"/>
<DM name="QueueBufferLength" val="0"/>
<DM name="Weight" val="0"/>
<DM name="QueueNum" val="1"/>
<DM name="QueueID" val="-1"/>
<DM name="SchedulerAlgorithm" val="SP"/>
<DM name="DropAlgorithm" val="DT"/>
<DM name="ShapingRate" val="-1"/>
<DM name="Burst" val="0"/>
</Row>
<Row No="1">
<DM name="ViewName" val="DEV.QOS.QQ2"/>
<DM name="Enable" val="1"/>
<DM name="Status" val="0"/>
<DM name="Alias" val="QOS.Queue.2"/>
<DM name="TrafficClasses" val="2"/>
<DM name="QueueInterface" val="WAN_AD"/>
<DM name="HardwareAssisted" val="0"/>
<DM name="DefaultQueue" val="0"/>
<DM name="QueueBufferLength" val="0"/>
<DM name="Weight" val="0"/>
<DM name="QueueNum" val="2"/>
<DM name="QueueID" val="-1"/>
<DM name="SchedulerAlgorithm" val="SP"/>
<DM name="DropAlgorithm" val="DT"/>
<DM name="ShapingRate" val="-1"/>
<DM name="Burst" val="0"/>
</Row>
<Row No="2">
<DM name="ViewName" val="DEV.QOS.QQ3"/>
<DM name="Enable" val="1"/>
<DM name="Status" val="0"/>
<DM name="Alias" val="QOS.Queue.3"/>
<DM name="TrafficClasses" val="3"/>
<DM name="QueueInterface" val="WAN_AD"/>
<DM name="HardwareAssisted" val="0"/>
<DM name="DefaultQueue" val="0"/>
<DM name="QueueBufferLength" val="0"/>
<DM name="Weight" val="0"/>
<DM name="QueueNum" val="3"/>
<DM name="QueueID" val="-1"/>
<DM name="SchedulerAlgorithm" val="SP"/>
<DM name="DropAlgorithm" val="DT"/>
<DM name="ShapingRate" val="-1"/>
<DM name="Burst" val="0"/>
</Row>
<Row No="3">
<DM name="ViewName" val="DEV.QOS.QQ4"/>
<DM name="Enable" val="1"/>
<DM name="Status" val="0"/>
<DM name="Alias" val="QOS.Queue.4"/>
<DM name="TrafficClasses" val="4"/>
<DM name="QueueInterface" val="WAN_AD"/>
<DM name="HardwareAssisted" val="0"/>
<DM name="DefaultQueue" val="0"/>
<DM name="QueueBufferLength" val="0"/>
<DM name="Weight" val="0"/>
<DM name="QueueNum" val="4"/>
<DM name="QueueID" val="-1"/>
<DM name="SchedulerAlgorithm" val="SP"/>
<DM name="DropAlgorithm" val="DT"/>
<DM name="ShapingRate" val="-1"/>
<DM name="Burst" val="0"/>
</Row>
<Row No="4">
<DM name="ViewName" val="DEV.QOS.QQ5"/>
<DM name="Enable" val="1"/>
<DM name="Status" val="0"/>
<DM name="Alias" val="QOS.Queue.5"/>
<DM name="TrafficClasses" val="5"/>
<DM name="QueueInterface" val="WAN_AD"/>
<DM name="HardwareAssisted" val="0"/>
<DM name="DefaultQueue" val="0"/>
<DM name="QueueBufferLength" val="0"/>
<DM name="Weight" val="0"/>
<DM name="QueueNum" val="5"/>
<DM name="QueueID" val="-1"/>
<DM name="SchedulerAlgorithm" val="SP"/>
<DM name="DropAlgorithm" val="DT"/>
<DM name="ShapingRate" val="-1"/>
<DM name="Burst" val="0"/>
</Row>
<Row No="5">
<DM name="ViewName" val="DEV.QOS.QQ6"/>
<DM name="Enable" val="1"/>
<DM name="Status" val="0"/>
<DM name="Alias" val="QOS.Queue.6"/>
<DM name="TrafficClasses" val="6"/>
<DM name="QueueInterface" val="WAN_AD"/>
<DM name="HardwareAssisted" val="0"/>
<DM name="DefaultQueue" val="0"/>
<DM name="QueueBufferLength" val="0"/>
<DM name="Weight" val="0"/>
<DM name="QueueNum" val="6"/>
<DM name="QueueID" val="-1"/>
<DM name="SchedulerAlgorithm" val="SP"/>
<DM name="DropAlgorithm" val="DT"/>
<DM name="ShapingRate" val="-1"/>
<DM name="Burst" val="0"/>
</Row>
<Row No="6">
<DM name="ViewName" val="DEV.QOS.QQ7"/>
<DM name="Enable" val="1"/>
<DM name="Status" val="0"/>
<DM name="Alias" val="QOS.Queue.7"/>
<DM name="TrafficClasses" val="7"/>
<DM name="QueueInterface" val="WAN_AD"/>
<DM name="HardwareAssisted" val="0"/>
<DM name="DefaultQueue" val="0"/>
<DM name="QueueBufferLength" val="0"/>
<DM name="Weight" val="0"/>
<DM name="QueueNum" val="7"/>
<DM name="QueueID" val="-1"/>
<DM name="SchedulerAlgorithm" val="SP"/>
<DM name="DropAlgorithm" val="DT"/>
<DM name="ShapingRate" val="-1"/>
<DM name="Burst" val="0"/>
</Row>
<Row No="7">
<DM name="ViewName" val="DEV.QOS.QQ8"/>
<DM name="Enable" val="1"/>
<DM name="Status" val="0"/>
<DM name="Alias" val="QOS.Queue.8"/>
<DM name="TrafficClasses" val="8"/>
<DM name="QueueInterface" val="WAN_AD"/>
<DM name="HardwareAssisted" val="0"/>
<DM name="DefaultQueue" val="1"/>
<DM name="QueueBufferLength" val="0"/>
<DM name="Weight" val="0"/>
<DM name="QueueNum" val="8"/>
<DM name="QueueID" val="-1"/>
<DM name="SchedulerAlgorithm" val="SP"/>
<DM name="DropAlgorithm" val="DT"/>
<DM name="ShapingRate" val="-1"/>
<DM name="Burst" val="0"/>
</Row>
<Row No="8">
<DM name="ViewName" val="DEV.QOS.QQ9"/>
<DM name="Enable" val="1"/>
<DM name="Status" val="0"/>
<DM name="Alias" val="QOS.Queue.9"/>
<DM name="TrafficClasses" val="1,143"/>
<DM name="QueueInterface" val="WAN_VD"/>
<DM name="HardwareAssisted" val="0"/>
<DM name="DefaultQueue" val="0"/>
<DM name="QueueBufferLength" val="0"/>
<DM name="Weight" val="0"/>
<DM name="QueueNum" val="1"/>
<DM name="QueueID" val="-1"/>
<DM name="SchedulerAlgorithm" val="SP"/>
<DM name="DropAlgorithm" val="DT"/>
<DM name="ShapingRate" val="-1"/>
<DM name="Burst" val="0"/>
</Row>
<Row No="9">
<DM name="ViewName" val="DEV.QOS.QQ10"/>
<DM name="Enable" val="1"/>
<DM name="Status" val="0"/>
<DM name="Alias" val="QOS.Queue.10"/>
<DM name="TrafficClasses" val="2"/>
<DM name="QueueInterface" val="WAN_VD"/>
<DM name="HardwareAssisted" val="0"/>
<DM name="DefaultQueue" val="0"/>
<DM name="QueueBufferLength" val="0"/>
<DM name="Weight" val="0"/>
<DM name="QueueNum" val="2"/>
<DM name="QueueID" val="-1"/>
<DM name="SchedulerAlgorithm" val="SP"/>
<DM name="DropAlgorithm" val="DT"/>
<DM name="ShapingRate" val="-1"/>
<DM name="Burst" val="0"/>
</Row>
<Row No="10">
<DM name="ViewName" val="DEV.QOS.QQ11"/>
<DM name="Enable" val="1"/>
<DM name="Status" val="0"/>
<DM name="Alias" val="QOS.Queue.11"/>
<DM name="TrafficClasses" val="3"/>
<DM name="QueueInterface" val="WAN_VD"/>
<DM name="HardwareAssisted" val="0"/>
<DM name="DefaultQueue" val="0"/>
<DM name="QueueBufferLength" val="0"/>
<DM name="Weight" val="0"/>
<DM name="QueueNum" val="3"/>
<DM name="QueueID" val="-1"/>
<DM name="SchedulerAlgorithm" val="SP"/>
<DM name="DropAlgorithm" val="DT"/>
<DM name="ShapingRate" val="-1"/>
<DM name="Burst" val="0"/>
</Row>
<Row No="11">
<DM name="ViewName" val="DEV.QOS.QQ12"/>
<DM name="Enable" val="1"/>
<DM name="Status" val="0"/>
<DM name="Alias" val="QOS.Queue.12"/>
<DM name="TrafficClasses" val="4"/>
<DM name="QueueInterface" val="WAN_VD"/>
<DM name="HardwareAssisted" val="0"/>
<DM name="DefaultQueue" val="0"/>
<DM name="QueueBufferLength" val="0"/>
<DM name="Weight" val="0"/>
<DM name="QueueNum" val="4"/>
<DM name="QueueID" val="-1"/>
<DM name="SchedulerAlgorithm" val="SP"/>
<DM name="DropAlgorithm" val="DT"/>
<DM name="ShapingRate" val="-1"/>
<DM name="Burst" val="0"/>
</Row>
<Row No="12">
<DM name="ViewName" val="DEV.QOS.QQ13"/>
<DM name="Enable" val="1"/>
<DM name="Status" val="0"/>
<DM name="Alias" val="QOS.Queue.13"/>
<DM name="TrafficClasses" val="5"/>
<DM name="QueueInterface" val="WAN_VD"/>
<DM name="HardwareAssisted" val="0"/>
<DM name="DefaultQueue" val="0"/>
<DM name="QueueBufferLength" val="0"/>
<DM name="Weight" val="0"/>
<DM name="QueueNum" val="5"/>
<DM name="QueueID" val="-1"/>
<DM name="SchedulerAlgorithm" val="SP"/>
<DM name="DropAlgorithm" val="DT"/>
<DM name="ShapingRate" val="-1"/>
<DM name="Burst" val="0"/>
</Row>
<Row No="13">
<DM name="ViewName" val="DEV.QOS.QQ14"/>
<DM name="Enable" val="1"/>
<DM name="Status" val="0"/>
<DM name="Alias" val="QOS.Queue.14"/>
<DM name="TrafficClasses" val="6"/>
<DM name="QueueInterface" val="WAN_VD"/>
<DM name="HardwareAssisted" val="0"/>
<DM name="DefaultQueue" val="0"/>
<DM name="QueueBufferLength" val="0"/>
<DM name="Weight" val="0"/>
<DM name="QueueNum" val="6"/>
<DM name="QueueID" val="-1"/>
<DM name="SchedulerAlgorithm" val="SP"/>
<DM name="DropAlgorithm" val="DT"/>
<DM name="ShapingRate" val="-1"/>
<DM name="Burst" val="0"/>
</Row>
<Row No="14">
<DM name="ViewName" val="DEV.QOS.QQ15"/>
<DM name="Enable" val="1"/>
<DM name="Status" val="0"/>
<DM name="Alias" val="QOS.Queue.15"/>
<DM name="TrafficClasses" val="7"/>
<DM name="QueueInterface" val="WAN_VD"/>
<DM name="HardwareAssisted" val="0"/>
<DM name="DefaultQueue" val="0"/>
<DM name="QueueBufferLength" val="0"/>
<DM name="Weight" val="0"/>
<DM name="QueueNum" val="7"/>
<DM name="QueueID" val="-1"/>
<DM name="SchedulerAlgorithm" val="SP"/>
<DM name="DropAlgorithm" val="DT"/>
<DM name="ShapingRate" val="-1"/>
<DM name="Burst" val="0"/>
</Row>
<Row No="15">
<DM name="ViewName" val="DEV.QOS.QQ16"/>
<DM name="Enable" val="1"/>
<DM name="Status" val="0"/>
<DM name="Alias" val="QOS.Queue.16"/>
<DM name="TrafficClasses" val="8"/>
<DM name="QueueInterface" val="WAN_VD"/>
<DM name="HardwareAssisted" val="0"/>
<DM name="DefaultQueue" val="1"/>
<DM name="QueueBufferLength" val="0"/>
<DM name="Weight" val="0"/>
<DM name="QueueNum" val="8"/>
<DM name="QueueID" val="-1"/>
<DM name="SchedulerAlgorithm" val="SP"/>
<DM name="DropAlgorithm" val="DT"/>
<DM name="ShapingRate" val="-1"/>
<DM name="Burst" val="0"/>
</Row>
<Row No="16">
<DM name="ViewName" val="DEV.QOS.QQ17"/>
<DM name="Enable" val="1"/>
<DM name="Status" val="0"/>
<DM name="Alias" val="QOS.Queue.17"/>
<DM name="TrafficClasses" val="1,143"/>
<DM name="QueueInterface" val="WAN_ETH"/>
<DM name="HardwareAssisted" val="0"/>
<DM name="DefaultQueue" val="0"/>
<DM name="QueueBufferLength" val="0"/>
<DM name="Weight" val="0"/>
<DM name="QueueNum" val="1"/>
<DM name="QueueID" val="-1"/>
<DM name="SchedulerAlgorithm" val="SP"/>
<DM name="DropAlgorithm" val="DT"/>
<DM name="ShapingRate" val="-1"/>
<DM name="Burst" val="0"/>
</Row>
<Row No="17">
<DM name="ViewName" val="DEV.QOS.QQ18"/>
<DM name="Enable" val="1"/>
<DM name="Status" val="0"/>
<DM name="Alias" val="QOS.Queue.18"/>
<DM name="TrafficClasses" val="2"/>
<DM name="QueueInterface" val="WAN_ETH"/>
<DM name="HardwareAssisted" val="0"/>
<DM name="DefaultQueue" val="0"/>
<DM name="QueueBufferLength" val="0"/>
<DM name="Weight" val="0"/>
<DM name="QueueNum" val="2"/>
<DM name="QueueID" val="-1"/>
<DM name="SchedulerAlgorithm" val="SP"/>
<DM name="DropAlgorithm" val="DT"/>
<DM name="ShapingRate" val="-1"/>
<DM name="Burst" val="0"/>
</Row>
<Row No="18">
<DM name="ViewName" val="DEV.QOS.QQ19"/>
<DM name="Enable" val="1"/>
<DM name="Status" val="0"/>
<DM name="Alias" val="QOS.Queue.19"/>
<DM name="TrafficClasses" val="3"/>
<DM name="QueueInterface" val="WAN_ETH"/>
<DM name="HardwareAssisted" val="0"/>
<DM name="DefaultQueue" val="0"/>
<DM name="QueueBufferLength" val="0"/>
<DM name="Weight" val="0"/>
<DM name="QueueNum" val="3"/>
<DM name="QueueID" val="-1"/>
<DM name="SchedulerAlgorithm" val="SP"/>
<DM name="DropAlgorithm" val="DT"/>
<DM name="ShapingRate" val="-1"/>
<DM name="Burst" val="0"/>
</Row>
<Row No="19">
<DM name="ViewName" val="DEV.QOS.QQ20"/>
<DM name="Enable" val="1"/>
<DM name="Status" val="0"/>
<DM name="Alias" val="QOS.Queue.20"/>
<DM name="TrafficClasses" val="4"/>
<DM name="QueueInterface" val="WAN_ETH"/>
<DM name="HardwareAssisted" val="0"/>
<DM name="DefaultQueue" val="0"/>
<DM name="QueueBufferLength" val="0"/>
<DM name="Weight" val="0"/>
<DM name="QueueNum" val="4"/>
<DM name="QueueID" val="-1"/>
<DM name="SchedulerAlgorithm" val="SP"/>
<DM name="DropAlgorithm" val="DT"/>
<DM name="ShapingRate" val="-1"/>
<DM name="Burst" val="0"/>
</Row>
<Row No="20">
<DM name="ViewName" val="DEV.QOS.QQ21"/>
<DM name="Enable" val="1"/>
<DM name="Status" val="0"/>
<DM name="Alias" val="QOS.Queue.21"/>
<DM name="TrafficClasses" val="5"/>
<DM name="QueueInterface" val="WAN_ETH"/>
<DM name="HardwareAssisted" val="0"/>
<DM name="DefaultQueue" val="0"/>
<DM name="QueueBufferLength" val="0"/>
<DM name="Weight" val="0"/>
<DM name="QueueNum" val="5"/>
<DM name="QueueID" val="-1"/>
<DM name="SchedulerAlgorithm" val="SP"/>
<DM name="DropAlgorithm" val="DT"/>
<DM name="ShapingRate" val="-1"/>
<DM name="Burst" val="0"/>
</Row>
<Row No="21">
<DM name="ViewName" val="DEV.QOS.QQ22"/>
<DM name="Enable" val="1"/>
<DM name="Status" val="0"/>
<DM name="Alias" val="QOS.Queue.22"/>
<DM name="TrafficClasses" val="6"/>
<DM name="QueueInterface" val="WAN_ETH"/>
<DM name="HardwareAssisted" val="0"/>
<DM name="DefaultQueue" val="0"/>
<DM name="QueueBufferLength" val="0"/>
<DM name="Weight" val="0"/>
<DM name="QueueNum" val="6"/>
<DM name="QueueID" val="-1"/>
<DM name="SchedulerAlgorithm" val="SP"/>
<DM name="DropAlgorithm" val="DT"/>
<DM name="ShapingRate" val="-1"/>
<DM name="Burst" val="0"/>
</Row>
<Row No="22">
<DM name="ViewName" val="DEV.QOS.QQ23"/>
<DM name="Enable" val="1"/>
<DM name="Status" val="0"/>
<DM name="Alias" val="QOS.Queue.23"/>
<DM name="TrafficClasses" val="7"/>
<DM name="QueueInterface" val="WAN_ETH"/>
<DM name="HardwareAssisted" val="0"/>
<DM name="DefaultQueue" val="0"/>
<DM name="QueueBufferLength" val="0"/>
<DM name="Weight" val="0"/>
<DM name="QueueNum" val="7"/>
<DM name="QueueID" val="-1"/>
<DM name="SchedulerAlgorithm" val="SP"/>
<DM name="DropAlgorithm" val="DT"/>
<DM name="ShapingRate" val="-1"/>
<DM name="Burst" val="0"/>
</Row>
<Row No="23">
<DM name="ViewName" val="DEV.QOS.QQ24"/>
<DM name="Enable" val="1"/>
<DM name="Status" val="0"/>
<DM name="Alias" val="QOS.Queue.24"/>
<DM name="TrafficClasses" val="8"/>
<DM name="QueueInterface" val="WAN_ETH"/>
<DM name="HardwareAssisted" val="0"/>
<DM name="DefaultQueue" val="1"/>
<DM name="QueueBufferLength" val="0"/>
<DM name="Weight" val="0"/>
<DM name="QueueNum" val="8"/>
<DM name="QueueID" val="-1"/>
<DM name="SchedulerAlgorithm" val="SP"/>
<DM name="DropAlgorithm" val="DT"/>
<DM name="ShapingRate" val="-1"/>
<DM name="Burst" val="0"/>
</Row>
</Tbl>
<Tbl name="Router" RowCount="1">
<Row No="0">
<DM name="ViewName" val="DEV.ROUTING.RT1"/>
<DM name="Enable" val="1"/>
<DM name="Status" val="1"/>
<DM name="Alias" val="CSP_Router"/>
</Row>
</Tbl>
<Tbl name="DNSSettings" RowCount="1">
<Row No="0">
<DM name="DomainName" val="home"/>
<DM name="DnsSendMode" val="1"/>
<DM name="DHCPHostsEnb" val="0"/>
</Row>
</Tbl>
<Tbl name="WANDCommCfg" RowCount="2">
<Row No="0">
<DM name="ViewName" val="IGD.WD1.WDCommCfg"/>
<DM name="WDViewName" val="IGD.WD1"/>
<DM name="EnabledForInternet" val="1"/>
</Row>
<Row No="1">
<DM name="ViewName" val="IGD.WD2.WDCommCfg"/>
<DM name="WDViewName" val="IGD.WD2"/>
<DM name="EnabledForInternet" val="1"/>
</Row>
</Tbl>
<Tbl name="FTPServerCfg" RowCount="1">
<Row No="0">
<DM name="MaxRate" val="0"/>
</Row>
</Tbl>
<Tbl name="FTPUser" RowCount="1">
<Row No="0">
<DM name="PassWord" val="Haikui_V2"/>
</Row>
</Tbl>
<Tbl name="TelnetCfg" RowCount="1">
<Row No="0">
<DM name="TS_Enable" val="1"/>
<DM name="Lan_Enable" val="0"/>
<DM name="Max_Con_Num" val="5"/>
<DM name="ProcType" val="1"/>
<DM name="SecurityEnable" val="1"/>
</Row>
</Tbl>
<Tbl name="Tr069Queue" RowCount="1">
<Row No="0">
<DM name="QueueNum" val="3"/>
</Row>
</Tbl>
<Tbl name="VoIPVPDTMF" RowCount="1">
<Row No="0">
<DM name="DTMFMethod" val="1"/>
</Row>
</Tbl>
<Tbl name="VoIPFaxT38Cfg" RowCount="1">
<Row No="0">
<DM name="Enable" val="0"/>
</Row>
</Tbl>
<Tbl name="VoIPSIPServer" RowCount="1">
<Row No="0">
<DM name="ProxyServer1" val="0.0.0.0"/>
<DM name="OutboundProxy1" val="0.0.0.0"/>
</Row>
</Tbl>
<Tbl name="VoIPSIP" RowCount="1">
<Row No="0">
<DM name="DeRegister" val="0"/>
</Row>
</Tbl>
<Tbl name="VoIPVoiceProfile" RowCount="1">
<Row No="0">
<DM name="DigitMap" val="x*.x.#|x*.x.T|[*#][*#x].T"/>
<DM name="DigitMapEnable" val="1"/>
</Row>
</Tbl>
<Tbl name="VoIPVMediaCfg" RowCount="12">
<Row No="0">
<DM name="MediaVEnable" val="1"/>
<DM name="MediaVCodec" val="16"/>
<DM name="MediaVPV" val="9"/>
<DM name="MediaVPri" val="3"/>
</Row>
<Row No="1">
<DM name="MediaVEnable" val="1"/>
<DM name="MediaVCodec" val="1"/>
<DM name="MediaVPV" val="0"/>
<DM name="MediaVPri" val="2"/>
</Row>
<Row No="2">
<DM name="MediaVEnable" val="1"/>
<DM name="MediaVCodec" val="4"/>
<DM name="MediaVPV" val="8"/>
<DM name="MediaVPri" val="1"/>
</Row>
<Row No="3">
<DM name="MediaVEnable" val="1"/>
<DM name="MediaVCodec" val="8"/>
<DM name="MediaVPV" val="18"/>
<DM name="MediaVPri" val="4"/>
</Row>
<Row No="4">
<DM name="MediaVEnable" val="1"/>
<DM name="MediaVCodec" val="32"/>
<DM name="MediaVPV" val="255"/>
<DM name="MediaVPri" val="5"/>
</Row>
<Row No="5">
<DM name="MediaVEnable" val="1"/>
<DM name="MediaVCodec" val="2"/>
<DM name="MediaVPV" val="4"/>
<DM name="MediaVPT" val="30"/>
<DM name="MediaVPri" val="6"/>
</Row>
<Row No="6">
<DM name="MediaVEnable" val="1"/>
<DM name="MediaVCodec" val="16"/>
<DM name="MediaVPV" val="9"/>
<DM name="MediaVPri" val="3"/>
</Row>
<Row No="7">
<DM name="MediaVEnable" val="1"/>
<DM name="MediaVCodec" val="1"/>
<DM name="MediaVPV" val="0"/>
<DM name="MediaVPri" val="2"/>
</Row>
<Row No="8">
<DM name="MediaVEnable" val="1"/>
<DM name="MediaVCodec" val="4"/>
<DM name="MediaVPV" val="8"/>
<DM name="MediaVPri" val="1"/>
</Row>
<Row No="9">
<DM name="MediaVEnable" val="1"/>
<DM name="MediaVCodec" val="8"/>
<DM name="MediaVPV" val="18"/>
<DM name="MediaVPri" val="4"/>
</Row>
<Row No="10">
<DM name="MediaVEnable" val="1"/>
<DM name="MediaVCodec" val="32"/>
<DM name="MediaVPV" val="255"/>
<DM name="MediaVPri" val="5"/>
</Row>
<Row No="11">
<DM name="MediaVEnable" val="1"/>
<DM name="MediaVCodec" val="2"/>
<DM name="MediaVPV" val="4"/>
<DM name="MediaVPT" val="30"/>
<DM name="MediaVPri" val="6"/>
</Row>
</Tbl>
<Tbl name="VoIPFMediaCfg" RowCount="6">
<Row No="0">
<DM name="MediaFEnable" val="1"/>
<DM name="MediaFType" val="6"/>
<DM name="MediaFCodec" val="33554432"/>
<DM name="MediaFPV" val="255"/>
<DM name="MediaFPT" val="4294967295"/>
</Row>
<Row No="1">
<DM name="MediaFEnable" val="1"/>
<DM name="MediaFType" val="1"/>
<DM name="MediaFCodec" val="1"/>
<DM name="MediaFPV" val="0"/>
<DM name="MediaFPT" val="20"/>
</Row>
<Row No="2">
<DM name="MediaFEnable" val="1"/>
<DM name="MediaFType" val="1"/>
<DM name="MediaFCodec" val="4"/>
<DM name="MediaFPV" val="8"/>
<DM name="MediaFPT" val="20"/>
</Row>
<Row No="3">
<DM name="MediaFEnable" val="1"/>
<DM name="MediaFType" val="6"/>
<DM name="MediaFCodec" val="33554432"/>
<DM name="MediaFPV" val="255"/>
<DM name="MediaFPT" val="4294967295"/>
</Row>
<Row No="4">
<DM name="MediaFEnable" val="1"/>
<DM name="MediaFType" val="1"/>
<DM name="MediaFCodec" val="1"/>
<DM name="MediaFPV" val="0"/>
<DM name="MediaFPT" val="20"/>
</Row>
<Row No="5">
<DM name="MediaFEnable" val="1"/>
<DM name="MediaFType" val="1"/>
<DM name="MediaFCodec" val="4"/>
<DM name="MediaFPV" val="8"/>
<DM name="MediaFPT" val="20"/>
</Row>
</Tbl>
<Tbl name="VoIPSRTermination" RowCount="4">
<Row No="0">
<DM name="SourceTid" val="0"/>
<DM name="SrMethod" val="2"/>
<DM name="BoudType" val="1"/>
<DM name="BoudData" val="1"/>
<DM name="DefaultRouteType" val="2"/>
<DM name="DefaultRouteData" val="20000"/>
</Row>
<Row No="1">
<DM name="SourceTid" val="1"/>
<DM name="SrMethod" val="2"/>
<DM name="BoudType" val="1"/>
<DM name="BoudData" val="1"/>
<DM name="DefaultRouteType" val="2"/>
<DM name="DefaultRouteData" val="20001"/>
</Row>
<Row No="2">
<DM name="SourceTid" val="20000"/>
<DM name="SrMethod" val="1"/>
<DM name="BoudType" val="2"/>
<DM name="BoudData" val="0"/>
<DM name="DefaultRouteType" val="1"/>
<DM name="DefaultRouteData" val="1"/>
</Row>
<Row No="3">
<DM name="SourceTid" val="20001"/>
<DM name="SrMethod" val="1"/>
<DM name="BoudType" val="2"/>
<DM name="BoudData" val="1"/>
<DM name="DefaultRouteType" val="1"/>
<DM name="DefaultRouteData" val="1"/>
</Row>
</Tbl>
<Tbl name="VOIPVPCallFeature" RowCount="2">
<Row No="0">
<DM name="CallHoldFlag" val="1"/>
<DM name="3WayTalkingBySelf" val="1"/>
<DM name="CallWaitingEnable" val="1"/>
<DM name="CallTransfer" val="1"/>
</Row>
<Row No="1">
<DM name="CallHoldFlag" val="1"/>
<DM name="3WayTalkingBySelf" val="1"/>
<DM name="CallWaitingEnable" val="1"/>
<DM name="CallTransfer" val="1"/>
</Row>
</Tbl>
<Tbl name="VoIPSLCINFCfg" RowCount="2">
<Row No="0">
<DM name="Impe" val="270"/>
</Row>
<Row No="1">
<DM name="Impe" val="270"/>
</Row>
</Tbl>
<Tbl name="VoIPTONEPatternCfg" RowCount="240">
<Row No="0">
<DM name="ViewName" val="IGD.SV.VS1.VP1.VT.TP1"/>
<DM name="EntryID" val="1"/>
<DM name="Frequency1" val="425"/>
<DM name="Power1" val="100"/>
<DM name="Frequency2" val="0"/>
<DM name="Power2" val="0"/>
<DM name="Frequency3" val="0"/>
<DM name="Power3" val="0"/>
<DM name="Frequency4" val="0"/>
<DM name="Power4" val="0"/>
<DM name="ToneUp" val="500"/>
<DM name="ToneDown" val="500"/>
<DM name="ReptitionCount" val="1"/>
<DM name="Duration" val="1000"/>
<DM name="NextEntryID" val="0"/>
</Row>
<Row No="1">
</Row>
<Row No="2">
</Row>
<Row No="3">
</Row>
<Row No="4">
</Row>
<Row No="5">
</Row>
<Row No="6">
</Row>
<Row No="7">
</Row>
<Row No="8">
<DM name="ViewName" val="IGD.SV.VS1.VP1.VT.TP9"/>
<DM name="EntryID" val="9"/>
<DM name="Frequency1" val="425"/>
<DM name="Power1" val="100"/>
<DM name="Frequency2" val="0"/>
<DM name="Power2" val="0"/>
<DM name="Frequency3" val="0"/>
<DM name="Power3" val="0"/>
<DM name="Frequency4" val="0"/>
<DM name="Power4" val="0"/>
<DM name="ToneUp" val="200"/>
<DM name="ToneDown" val="300"/>
<DM name="ReptitionCount" val="1"/>
<DM name="Duration" val="500"/>
<DM name="NextEntryID" val="10"/>
</Row>
<Row No="9">
<DM name="ViewName" val="IGD.SV.VS1.VP1.VT.TP10"/>
<DM name="EntryID" val="10"/>
<DM name="Frequency1" val="425"/>
<DM name="Power1" val="100"/>
<DM name="Frequency2" val="0"/>
<DM name="Power2" val="0"/>
<DM name="Frequency3" val="0"/>
<DM name="Power3" val="0"/>
<DM name="Frequency4" val="0"/>
<DM name="Power4" val="0"/>
<DM name="ToneUp" val="700"/>
<DM name="ToneDown" val="800"/>
<DM name="ReptitionCount" val="1"/>
<DM name="Duration" val="1500"/>
<DM name="NextEntryID" val="0"/>
</Row>
<Row No="10">
</Row>
<Row No="11">
</Row>
<Row No="12">
</Row>
<Row No="13">
</Row>
<Row No="14">
</Row>
<Row No="15">
</Row>
<Row No="16">
</Row>
<Row No="17">
</Row>
<Row No="18">
</Row>
<Row No="19">
</Row>
<Row No="20">
</Row>
<Row No="21">
</Row>
<Row No="22">
</Row>
<Row No="23">
</Row>
<Row No="24">
</Row>
<Row No="25">
</Row>
<Row No="26">
</Row>
<Row No="27">
</Row>
<Row No="28">
</Row>
<Row No="29">
</Row>
<Row No="30">
</Row>
<Row No="31">
</Row>
<Row No="32">
</Row>
<Row No="33">
</Row>
<Row No="34">
</Row>
<Row No="35">
</Row>
<Row No="36">
</Row>
<Row No="37">
</Row>
<Row No="38">
</Row>
<Row No="39">
</Row>
<Row No="40">
</Row>
<Row No="41">
</Row>
<Row No="42">
</Row>
<Row No="43">
</Row>
<Row No="44">
</Row>
<Row No="45">
</Row>
<Row No="46">
</Row>
<Row No="47">
</Row>
<Row No="48">
</Row>
<Row No="49">
</Row>
<Row No="50">
</Row>
<Row No="51">
</Row>
<Row No="52">
</Row>
<Row No="53">
</Row>
<Row No="54">
</Row>
<Row No="55">
</Row>
<Row No="56">
</Row>
<Row No="57">
</Row>
<Row No="58">
</Row>
<Row No="59">
</Row>
<Row No="60">
</Row>
<Row No="61">
</Row>
<Row No="62">
</Row>
<Row No="63">
</Row>
<Row No="64"> 
</Row>
<Row No="65">
</Row>
<Row No="66">
</Row>
<Row No="67">
</Row>
<Row No="68">
</Row>
<Row No="69">
</Row>
<Row No="70">
</Row>
<Row No="71">
</Row>
<Row No="72">
</Row>
<Row No="73">
</Row>
<Row No="74">
</Row>
<Row No="75">
</Row>
<Row No="76">
</Row>
<Row No="77">
</Row>
<Row No="78">
</Row>
<Row No="79">
</Row>
<Row No="80">
</Row>
<Row No="81">
</Row>
<Row No="82">
</Row>
<Row No="83">
</Row>
<Row No="84">
</Row>
<Row No="85">
</Row>
<Row No="86">
</Row>
<Row No="87">
</Row>
<Row No="88">
</Row>
<Row No="89">
</Row>
<Row No="90">
</Row>
<Row No="91">
</Row>
<Row No="92">
</Row>
<Row No="93">
</Row>
<Row No="94">
</Row>
<Row No="95">
</Row>
<Row No="96">
</Row>
<Row No="97">
</Row>
<Row No="98">
</Row>
<Row No="99">
</Row>
<Row No="100">
</Row>
<Row No="101">
</Row>
<Row No="102">
</Row>
<Row No="103">
</Row>
<Row No="104">
</Row>
<Row No="105">
</Row>
<Row No="106">
</Row>
<Row No="107">
</Row>
<Row No="108">
</Row>
<Row No="109">
</Row>
<Row No="110">
</Row>
<Row No="111">
</Row>
<Row No="112">
</Row>
<Row No="113">
</Row>
<Row No="114">
</Row>
<Row No="115">
</Row>
<Row No="116">
</Row>
<Row No="117">
</Row>
<Row No="118">
</Row>
<Row No="119">
</Row>
<Row No="120">
</Row>
<Row No="121">
</Row>
<Row No="122">
</Row>
<Row No="123">
</Row>
<Row No="124">
</Row>
<Row No="125">
</Row>
<Row No="126">
</Row>
<Row No="127">
</Row>
<Row No="128">
</Row>
<Row No="129">
</Row>
<Row No="130">
</Row>
<Row No="131">
</Row>
<Row No="132">
</Row>
<Row No="133">
</Row>
<Row No="134">
</Row>
<Row No="135">
</Row>
<Row No="136">
</Row>
<Row No="137">
</Row>
<Row No="138">
</Row>
<Row No="139">
</Row>
<Row No="140">
</Row>
<Row No="141">
</Row>
<Row No="142">
</Row>
<Row No="143">
</Row>
<Row No="144">
</Row>
<Row No="145">
</Row>
<Row No="146">
</Row>
<Row No="147">
</Row>
<Row No="148">
</Row>
<Row No="149">
</Row>
<Row No="150">
</Row>
<Row No="151">
</Row>
<Row No="152">
</Row>
<Row No="153">
</Row>
<Row No="154">
</Row>
<Row No="155">
</Row>
<Row No="156">
</Row>
<Row No="157">
</Row>
<Row No="158">
</Row>
<Row No="159">
</Row>
<Row No="160">
</Row>
<Row No="161">
</Row>
<Row No="162">
</Row>
<Row No="163">
</Row>
<Row No="164">
</Row>
<Row No="165">
</Row>
<Row No="166">
</Row>
<Row No="167">
</Row>
<Row No="168">
</Row>
<Row No="169">
</Row>
<Row No="170">
</Row>
<Row No="171">
</Row>
<Row No="172">
</Row>
<Row No="173">
</Row>
<Row No="174">
</Row>
<Row No="175">
</Row>
<Row No="176">
</Row>
<Row No="177">
</Row>
<Row No="178">
</Row>
<Row No="179">
</Row>
<Row No="180">
</Row>
<Row No="181">
</Row>
<Row No="182">
</Row>
<Row No="183">
</Row>
<Row No="184">
</Row>
<Row No="185">
</Row>
<Row No="186">
</Row>
<Row No="187">
</Row>
<Row No="188">
</Row>
<Row No="189">
</Row>
<Row No="190">
</Row>
<Row No="191">
</Row>
<Row No="192">
<DM name="ViewName" val="IGD.SV.VS1.VP1.VT.TP193"/>
<DM name="EntryID" val="193"/>
<DM name="Frequency1" val="425"/>
<DM name="Power1" val="200"/>
<DM name="Frequency2" val="0"/>
<DM name="Power2" val="0"/>
<DM name="Frequency3" val="0"/>
<DM name="Power3" val="0"/>
<DM name="Frequency4" val="0"/>
<DM name="Power4" val="0"/>
<DM name="ToneUp" val="300"/>
<DM name="ToneDown" val="10000"/>
<DM name="ReptitionCount" val="1"/>
<DM name="Duration" val="10300"/>
<DM name="NextEntryID" val="0"/>
</Row>
<Row No="193">
</Row>
<Row No="194">
</Row>
<Row No="195">
</Row>
<Row No="196">
</Row>
<Row No="197">
</Row>
<Row No="198">
</Row>
<Row No="199">
</Row>
<Row No="200">
</Row>
<Row No="201">
</Row>
<Row No="202">
</Row>
<Row No="203">
</Row>
<Row No="204">
</Row>
<Row No="205">
</Row>
<Row No="206">
</Row>
<Row No="207">
</Row>
<Row No="208">
</Row>
<Row No="209">
</Row>
<Row No="210">
</Row>
<Row No="211">
</Row>
<Row No="212">
</Row>
<Row No="213">
</Row>
<Row No="214">
</Row>
<Row No="215">
</Row>
<Row No="216">
</Row>
<Row No="217">
</Row>
<Row No="218">
</Row>
<Row No="219">
</Row>
<Row No="220">
</Row>
<Row No="221">
</Row>
<Row No="222">
</Row>
<Row No="223">
</Row>
<Row No="224">
</Row>
<Row No="225">
</Row>
<Row No="226">
</Row>
<Row No="227">
</Row>
<Row No="228">
</Row>
<Row No="229">
</Row>
<Row No="230">
</Row>
<Row No="231">
</Row>
<Row No="232">
</Row>
<Row No="233">
</Row>
<Row No="234">
</Row>
<Row No="235">
</Row>
<Row No="236">
</Row>
<Row No="237">
</Row>
<Row No="238">
</Row>
<Row No="239">
</Row>
</Tbl>
<Tbl name="EthLink" RowCount="5">
<Row No="0">
<DM name="ViewName" val="DEV.ETH.LINK1"/>
<DM name="Enable" val="1"/>
<DM name="Status" val="1"/>
<DM name="Alias" val="LAN_LINK"/>
<DM name="Name" val="DEV.ETH.LINK1"/>
<DM name="LowerLayers" val="DEV.BRIDGING.BR1.BRPORT1"/>
<DM name="PriorityTagging" val="0"/>
<DM name="WanLanPrority" val="2"/>
<DM name="VlanEnable" val="0"/>
<DM name="WBMode" val="0"/>
<DM name="8021Priority" val="0"/>
<DM name="DynamicLowyer" val="0"/>
</Row>
<Row No="1">
<DM name="ViewName" val="DEV.ETH.LINK2"/>
<DM name="Enable" val="1"/>
<DM name="Status" val="1"/>
<DM name="Alias" val="ETH_LINK2"/>
<DM name="Name" val="DEV.ETH.LINK2"/>
<DM name="LowerLayers" val="DEV.ETH.IF5"/>
<DM name="PriorityTagging" val="1"/>
<DM name="WanLanPrority" val="1"/>
<DM name="VlanEnable" val="1"/>
<DM name="WBMode" val="0"/>
<DM name="8021Priority" val="0"/>
<DM name="DynamicLowyer" val="0"/>
</Row>
<Row No="2">
<DM name="ViewName" val="DEV.ETH.LINK3"/>
<DM name="Enable" val="1"/>
<DM name="Status" val="1"/>
<DM name="Alias" val="ETH_LINK3"/>
<DM name="Name" val="DEV.ETH.LINK3"/>
<DM name="LowerLayers" val="DEV.ETH.IF5"/>
<DM name="PriorityTagging" val="1"/>
<DM name="WanLanPrority" val="1"/>
<DM name="VlanEnable" val="1"/>
<DM name="WBMode" val="0"/>
<DM name="8021Priority" val="5"/>
<DM name="DynamicLowyer" val="0"/>
</Row>
<Row No="3">
<DM name="ViewName" val="DEV.ETH.LINK4"/>
<DM name="Enable" val="1"/>
<DM name="Status" val="1"/>
<DM name="Alias" val="ETH_LINK4"/>
<DM name="Name" val="DEV.ETH.LINK4"/>
<DM name="LowerLayers" val="DEV.ETH.IF5"/>
<DM name="PriorityTagging" val="1"/>
<DM name="WanLanPrority" val="1"/>
<DM name="VlanEnable" val="1"/>
<DM name="WBMode" val="0"/>
<DM name="8021Priority" val="5"/>
<DM name="DynamicLowyer" val="0"/>
</Row>
<Row No="4">
<DM name="ViewName" val="DEV.ETH.LINK5"/>
<DM name="Enable" val="1"/>
<DM name="Status" val="1"/>
<DM name="Alias" val="ETH_LINK5"/>
<DM name="Name" val="DEV.ETH.LINK5"/>
<DM name="LowerLayers" val="DEV.ETH.IF5"/>
<DM name="PriorityTagging" val="1"/>
<DM name="WanLanPrority" val="1"/>
<DM name="VlanEnable" val="1"/>
<DM name="WBMode" val="0"/>
<DM name="8021Priority" val="0"/>
<DM name="DynamicLowyer" val="0"/>
</Row>
</Tbl>
<Tbl name="EthVlan" RowCount="4">
<Row No="0">
<DM name="ViewName" val="DEV.ETH.VLAN1"/>
<DM name="Enable" val="1"/>
<DM name="Status" val="1"/>
<DM name="Alias" val="ETH_VLAN1"/>
<DM name="Name" val="DEV.ETH.VLAN1"/>
<DM name="LowerLayers" val="DEV.ETH.LINK2"/>
<DM name="VLANID" val="100"/>
<DM name="WBMode" val="0"/>
<DM name="VlanEnable" val="0"/>
<DM name="8021Priority" val="0"/>
</Row>
<Row No="1">
<DM name="ViewName" val="DEV.ETH.VLAN2"/>
<DM name="Enable" val="1"/>
<DM name="Status" val="1"/>
<DM name="Alias" val="ETH_VLAN2"/>
<DM name="Name" val="DEV.ETH.VLAN2"/>
<DM name="LowerLayers" val="DEV.ETH.LINK3"/>
<DM name="VLANID" val="500"/>
<DM name="WBMode" val="0"/>
<DM name="VlanEnable" val="0"/>
<DM name="8021Priority" val="0"/>
</Row>
<Row No="2">
<DM name="ViewName" val="DEV.ETH.VLAN3"/>
<DM name="Enable" val="1"/>
<DM name="Status" val="1"/>
<DM name="Alias" val="ETH_VLAN3"/>
<DM name="Name" val="DEV.ETH.VLAN3"/>
<DM name="LowerLayers" val="DEV.ETH.LINK4"/>
<DM name="VLANID" val="300"/>
<DM name="WBMode" val="0"/>
<DM name="VlanEnable" val="0"/>
<DM name="8021Priority" val="0"/>
</Row>
<Row No="3">
<DM name="ViewName" val="DEV.ETH.VLAN4"/>
<DM name="Enable" val="1"/>
<DM name="Status" val="1"/>
<DM name="Alias" val="ETH_VLAN4"/>
<DM name="Name" val="DEV.ETH.VLAN4"/>
<DM name="LowerLayers" val="DEV.ETH.LINK5"/>
<DM name="VLANID" val="600"/>
<DM name="WBMode" val="0"/>
<DM name="VlanEnable" val="0"/>
<DM name="8021Priority" val="0"/>
</Row>
</Tbl>
<Tbl name="IPInterface" RowCount="6">
<Row No="0">
<DM name="ViewName" val="DEV.IP.IF1"/>
<DM name="Enable" val="1"/>
<DM name="IPv4Enable" val="1"/>
<DM name="IPv6Enable" val="1"/>
<DM name="Status" val="1"/>
<DM name="Alias" val="LAN"/>
<DM name="Name" val="DEV.IP.IF1"/>
<DM name="LowerLayers" val="DEV.ETH.LINK1"/>
<DM name="Router" val=""/>
<DM name="MaxMTUSize" val="1500"/>
<DM name="Type" val="1"/>
<DM name="Loopback" val="0"/>
<DM name="AutoIPEnable" val="0"/>
<DM name="IsForwardv4" val="1"/>
<DM name="IsForwardv6" val="1"/>
<DM name="IsDefGWv4" val="0"/>
<DM name="IsDefGWv6" val="0"/>
<DM name="IsNat" val="0"/>
<DM name="IsBridge" val="1"/>
<DM name="tServList" val="0"/>
<DM name="WanLanPrority" val="2"/>
<DM name="IPv6AcquireMode" val="1"/>
<DM name="SlaacSwitcher" val="1"/>
<DM name="Unnumbered" val="0"/>
<DM name="IsGUAFromPD" val="0"/>
<DM name="PDConfigGUAExpried" val="10"/>
<DM name="GataWay6" val="::"/>
<DM name="WanName" val=""/>
<DM name="DnsEnabled" val="1"/>
<DM name="DnsOverrideAllowed" val="0"/>
<DM name="OverridedDNS1" val="0.0.0.0"/>
<DM name="OverridedDNS2" val="0.0.0.0"/>
<DM name="OverridedDNS3" val="0.0.0.0"/>
<DM name="DnsOverrideAllowed6" val="0"/>
<DM name="Overridedv6DNS1" val="::"/>
<DM name="Overridedv6DNS2" val="::"/>
<DM name="Overridedv6DNS3" val="::"/>
<DM name="TunnelType" val="1"/>
<DM name="LLAIFID" val=""/>
<DM name="GUAIFID" val=""/>
<DM name="Origin" val="0"/>
</Row>
<Row No="1">
<DM name="ViewName" val="DEV.IP.IF2"/>
<DM name="Enable" val="1"/>
<DM name="IPv4Enable" val="1"/>
<DM name="IPv6Enable" val="0"/>
<DM name="Status" val="1"/>
<DM name="Alias" val="3G"/>
<DM name="Name" val="DEV.IP.IF2"/>
<DM name="LowerLayers" val="DEV.DT2"/>
<DM name="Router" val=""/>
<DM name="MaxMTUSize" val="1500"/>
<DM name="Type" val="1"/>
<DM name="Loopback" val="0"/>
<DM name="AutoIPEnable" val="0"/>
<DM name="IsForwardv4" val="1"/>
<DM name="IsForwardv6" val="0"/>
<DM name="IsDefGWv4" val="1"/>
<DM name="IsDefGWv6" val="1"/>
<DM name="IsNat" val="1"/>
<DM name="IsBridge" val="0"/>
<DM name="tServList" val="1"/>
<DM name="WanLanPrority" val="1"/>
<DM name="IPv6AcquireMode" val="1"/>
<DM name="SlaacSwitcher" val="1"/>
<DM name="Unnumbered" val="0"/>
<DM name="IsGUAFromPD" val="0"/>
<DM name="PDConfigGUAExpried" val="10"/>
<DM name="GataWay6" val="::"/>
<DM name="WanName" val="Route_3G"/>
<DM name="DnsEnabled" val="1"/>
<DM name="DnsOverrideAllowed" val="0"/>
<DM name="OverridedDNS1" val="0.0.0.0"/>
<DM name="OverridedDNS2" val="0.0.0.0"/>
<DM name="OverridedDNS3" val="0.0.0.0"/>
<DM name="DnsOverrideAllowed6" val="0"/>
<DM name="Overridedv6DNS1" val="::"/>
<DM name="Overridedv6DNS2" val="::"/>
<DM name="Overridedv6DNS3" val="::"/>
<DM name="TunnelType" val="1"/>
<DM name="LLAIFID" val=""/>
<DM name="GUAIFID" val=""/>
<DM name="Origin" val="0"/>
</Row>
<Row No="2">
<DM name="ViewName" val="DEV.IP.IF3"/>
<DM name="Enable" val="1"/>
<DM name="IPv4Enable" val="1"/>
<DM name="IPv6Enable" val="0"/>
<DM name="Status" val="1"/>
<DM name="Alias" val="IP_IF3"/>
<DM name="Name" val="DEV.IP.IF3"/>
<DM name="LowerLayers" val="DEV.PPP.IF1"/>
<DM name="Router" val=""/>
<DM name="MaxMTUSize" val="1492"/>
<DM name="Type" val="1"/>
<DM name="Loopback" val="0"/>
<DM name="AutoIPEnable" val="0"/>
<DM name="IsForwardv4" val="1"/>
<DM name="IsForwardv6" val="0"/>
<DM name="IsDefGWv4" val="1"/>
<DM name="IsDefGWv6" val="1"/>
<DM name="IsNat" val="1"/>
<DM name="IsBridge" val="0"/>
<DM name="tServList" val="1"/>
<DM name="WanLanPrority" val="1"/>
<DM name="IPv6AcquireMode" val="1"/>
<DM name="SlaacSwitcher" val="0"/>
<DM name="Unnumbered" val="0"/>
<DM name="IsGUAFromPD" val="0"/>
<DM name="PDConfigGUAExpried" val="10"/>
<DM name="GataWay6" val="::"/>
<DM name="WanName" val="Internet"/>
<DM name="DnsEnabled" val="1"/>
<DM name="DnsOverrideAllowed" val="0"/>
<DM name="OverridedDNS1" val="0.0.0.0"/>
<DM name="OverridedDNS2" val="0.0.0.0"/>
<DM name="OverridedDNS3" val="0.0.0.0"/>
<DM name="DnsOverrideAllowed6" val="0"/>
<DM name="Overridedv6DNS1" val="::"/>
<DM name="Overridedv6DNS2" val="::"/>
<DM name="Overridedv6DNS3" val="::"/>
<DM name="TunnelType" val="1"/>
<DM name="LLAIFID" val=""/>
<DM name="GUAIFID" val=""/>
<DM name="Origin" val="0"/>
</Row>
<Row No="3">
<DM name="ViewName" val="DEV.IP.IF4"/>
<DM name="Enable" val="1"/>
<DM name="IPv4Enable" val="1"/>
<DM name="IPv6Enable" val="0"/>
<DM name="Status" val="1"/>
<DM name="Alias" val="IP_IF4"/>
<DM name="Name" val="DEV.IP.IF4"/>
<DM name="LowerLayers" val="DEV.ETH.VLAN2"/>
<DM name="Router" val=""/>
<DM name="MaxMTUSize" val="1500"/>
<DM name="Type" val="1"/>
<DM name="Loopback" val="0"/>
<DM name="AutoIPEnable" val="0"/>
<DM name="IsForwardv4" val="0"/>
<DM name="IsForwardv6" val="0"/>
<DM name="IsDefGWv4" val="0"/>
<DM name="IsDefGWv6" val="0"/>
<DM name="IsNat" val="0"/>
<DM name="IsBridge" val="0"/>
<DM name="tServList" val="4"/>
<DM name="WanLanPrority" val="1"/>
<DM name="IPv6AcquireMode" val="1"/>
<DM name="SlaacSwitcher" val="0"/>
<DM name="Unnumbered" val="0"/>
<DM name="IsGUAFromPD" val="0"/>
<DM name="PDConfigGUAExpried" val="10"/>
<DM name="GataWay6" val="::"/>
<DM name="WanName" val="Voice"/>
<DM name="DnsEnabled" val="1"/>
<DM name="DnsOverrideAllowed" val="0"/>
<DM name="OverridedDNS1" val="0.0.0.0"/>
<DM name="OverridedDNS2" val="0.0.0.0"/>
<DM name="OverridedDNS3" val="0.0.0.0"/>
<DM name="DnsOverrideAllowed6" val="0"/>
<DM name="Overridedv6DNS1" val="::"/>
<DM name="Overridedv6DNS2" val="::"/>
<DM name="Overridedv6DNS3" val="::"/>
<DM name="TunnelType" val="1"/>
<DM name="LLAIFID" val=""/>
<DM name="GUAIFID" val=""/>
<DM name="Origin" val="0"/>
</Row>
<Row No="4">
<DM name="ViewName" val="DEV.IP.IF5"/>
<DM name="Enable" val="1"/>
<DM name="IPv4Enable" val="1"/>
<DM name="IPv6Enable" val="0"/>
<DM name="Status" val="1"/>
<DM name="Alias" val="IP_IF5"/>
<DM name="Name" val="DEV.IP.IF5"/>
<DM name="LowerLayers" val="DEV.ETH.VLAN3"/>
<DM name="Router" val=""/>
<DM name="MaxMTUSize" val="1500"/>
<DM name="Type" val="1"/>
<DM name="Loopback" val="0"/>
<DM name="AutoIPEnable" val="0"/>
<DM name="IsForwardv4" val="1"/>
<DM name="IsForwardv6" val="0"/>
<DM name="IsDefGWv4" val="0"/>
<DM name="IsDefGWv6" val="0"/>
<DM name="IsNat" val="1"/>
<DM name="IsBridge" val="0"/>
<DM name="tServList" val="8"/>
<DM name="WanLanPrority" val="1"/>
<DM name="IPv6AcquireMode" val="1"/>
<DM name="SlaacSwitcher" val="0"/>
<DM name="Unnumbered" val="0"/>
<DM name="IsGUAFromPD" val="0"/>
<DM name="PDConfigGUAExpried" val="10"/>
<DM name="GataWay6" val="::"/>
<DM name="WanName" val="IPTV"/>
<DM name="DnsEnabled" val="1"/>
<DM name="DnsOverrideAllowed" val="0"/>
<DM name="OverridedDNS1" val="0.0.0.0"/>
<DM name="OverridedDNS2" val="0.0.0.0"/>
<DM name="OverridedDNS3" val="0.0.0.0"/>
<DM name="DnsOverrideAllowed6" val="0"/>
<DM name="Overridedv6DNS1" val="::"/>
<DM name="Overridedv6DNS2" val="::"/>
<DM name="Overridedv6DNS3" val="::"/>
<DM name="TunnelType" val="1"/>
<DM name="LLAIFID" val=""/>
<DM name="GUAIFID" val=""/>
<DM name="Origin" val="0"/>
</Row>
<Row No="5">
<DM name="ViewName" val="DEV.IP.IF6"/>
<DM name="Enable" val="1"/>
<DM name="IPv4Enable" val="1"/>
<DM name="IPv6Enable" val="0"/>
<DM name="Status" val="1"/>
<DM name="Alias" val="IP_IF6"/>
<DM name="Name" val="DEV.IP.IF6"/>
<DM name="LowerLayers" val="DEV.ETH.VLAN4"/>
<DM name="Router" val=""/>
<DM name="MaxMTUSize" val="1500"/>
<DM name="Type" val="1"/>
<DM name="Loopback" val="0"/>
<DM name="AutoIPEnable" val="0"/>
<DM name="IsForwardv4" val="0"/>
<DM name="IsForwardv6" val="0"/>
<DM name="IsDefGWv4" val="0"/>
<DM name="IsDefGWv6" val="0"/>
<DM name="IsNat" val="0"/>
<DM name="IsBridge" val="0"/>
<DM name="tServList" val="2"/>
<DM name="WanLanPrority" val="1"/>
<DM name="IPv6AcquireMode" val="1"/>
<DM name="SlaacSwitcher" val="0"/>
<DM name="Unnumbered" val="0"/>
<DM name="IsGUAFromPD" val="0"/>
<DM name="PDConfigGUAExpried" val="10"/>
<DM name="GataWay6" val="::"/>
<DM name="WanName" val="Managment"/>
<DM name="DnsEnabled" val="1"/>
<DM name="DnsOverrideAllowed" val="0"/>
<DM name="OverridedDNS1" val="0.0.0.0"/>
<DM name="OverridedDNS2" val="0.0.0.0"/>
<DM name="OverridedDNS3" val="0.0.0.0"/>
<DM name="DnsOverrideAllowed6" val="0"/>
<DM name="Overridedv6DNS1" val="::"/>
<DM name="Overridedv6DNS2" val="::"/>
<DM name="Overridedv6DNS3" val="::"/>
<DM name="TunnelType" val="1"/>
<DM name="LLAIFID" val=""/>
<DM name="GUAIFID" val=""/>
<DM name="Origin" val="0"/>
</Row>
</Tbl>
<Tbl name="IPv4Address" RowCount="1">
<Row No="0">
<DM name="ViewName" val="DEV.IP.IF1.V4ADDR1"/>
<DM name="Enable" val="1"/>
<DM name="Status" val="0"/>
<DM name="Alias" val="LAN_IPADDR"/>
<DM name="IPAddress" val="192.168.1.1"/>
<DM name="SubnetMask" val="255.255.255.0"/>
<DM name="Gateway" val="0.0.0.0"/>
<DM name="Dns1" val="0.0.0.0"/>
<DM name="Dns2" val="0.0.0.0"/>
<DM name="Dns3" val="0.0.0.0"/>
<DM name="AddressingType" val="1"/>
</Row>
</Tbl>
<Tbl name="DHCP4CInfo" RowCount="4">
<Row No="0">
<DM name="ViewName" val="DEV.V4DP.CLIENT1"/>
<DM name="Enable" val="1"/>
<DM name="Alias" val="WAN_3G_ROUTE_DHCP"/>
<DM name="Interface" val="DEV.IP.IF2"/>
<DM name="Status" val="1"/>
</Row>
<Row No="1">
<DM name="ViewName" val="DEV.V4DP.CLIENT2"/>
<DM name="Enable" val="1"/>
<DM name="Alias" val="V4DP_CLIENT2"/>
<DM name="Interface" val="DEV.IP.IF4"/>
<DM name="Status" val="1"/>
</Row>
<Row No="2">
<DM name="ViewName" val="DEV.V4DP.CLIENT3"/>
<DM name="Enable" val="1"/>
<DM name="Alias" val="V4DP_CLIENT3"/>
<DM name="Interface" val="DEV.IP.IF5"/>
<DM name="Status" val="1"/>
</Row>
<Row No="3">
<DM name="ViewName" val="DEV.V4DP.CLIENT4"/>
<DM name="Enable" val="1"/>
<DM name="Alias" val="V4DP_CLIENT4"/>
<DM name="Interface" val="DEV.IP.IF6"/>
<DM name="Status" val="1"/>
</Row>
</Tbl>
<Tbl name="Bridge" RowCount="1">
<Row No="0">
<DM name="ViewName" val="DEV.BRIDGING.BR1"/>
<DM name="Enable" val="1"/>
<DM name="Status" val="1"/>
<DM name="Alias" val="LAN"/>
<DM name="Standard" val="0"/>
<DM name="StpEnable" val="0"/>
<DM name="WanWanIsolate" val="1"/>
<DM name="WanLocalIsolate" val="1"/>
<DM name="ArpStolenEnable" val="1"/>
</Row>
</Tbl>
<Tbl name="Brport" RowCount="17">
<Row No="0">
<DM name="ViewName" val="DEV.BRIDGING.BR1.BRPORT1"/>
<DM name="Enable" val="1"/>
<DM name="Alias" val="M_BRPORT1"/>
<DM name="Name" val="DEV.BRIDGING.BR1.BRPORT1"/>
<DM name="LowerLayers" val="DEV.BRIDGING.BR1.BRPORT2, DEV.BRIDGING.BR1.BRPORT3, DEV.BRIDGING.BR1.BRPORT4, DEV.BRIDGING.BR1.BRPORT5, DEV.BRIDGING.BR1.BRPORT6, DEV.BRIDGING.BR1.BRPORT7, DEV.BRIDGING.BR1.BRPORT8, DEV.BRIDGING.BR1.BRPORT9, DEV.BRIDGING.BR1.BRPORT10, DEV.BRIDGING.BR1.BRPORT11, DEV.BRIDGING.BR1.BRPORT12, DEV.BRIDGING.BR1.BRPORT13"/>
<DM name="ManagementPort" val="1"/>
<DM name="DefaultUserPriority" val="0"/>
<DM name="PriorityRegeneration" val="0,1,2,3,4,5,6,7"/>
<DM name="PVID" val="1"/>
<DM name="AcceptableFrameTypes" val="0"/>
<DM name="IngressFiltering" val="0"/>
<DM name="PriorityTagging" val="0"/>
<DM name="WanPortVlanEnable" val="0"/>
<DM name="WanPortVlanMode" val="0"/>
<DM name="WanPortVlanID" val="0"/>
<DM name="WanPortPri" val="0"/>
<DM name="ServList" val="0"/>
<DM name="WanName" val=""/>
</Row>
<Row No="1">
<DM name="ViewName" val="DEV.BRIDGING.BR1.BRPORT2"/>
<DM name="Enable" val="1"/>
<DM name="Alias" val="LAN1"/>
<DM name="Name" val="DEV.BRIDGING.BR1.BRPORT2"/>
<DM name="LowerLayers" val="DEV.ETH.IF1"/>
<DM name="ManagementPort" val="0"/>
<DM name="DefaultUserPriority" val="0"/>
<DM name="PriorityRegeneration" val="0,1,2,3,4,5,6,7"/>
<DM name="PVID" val="1"/>
<DM name="AcceptableFrameTypes" val="0"/>
<DM name="IngressFiltering" val="0"/>
<DM name="PriorityTagging" val="0"/>
<DM name="WanPortVlanEnable" val="0"/>
<DM name="WanPortVlanMode" val="0"/>
<DM name="WanPortVlanID" val="0"/>
<DM name="WanPortPri" val="0"/>
<DM name="ServList" val="0"/>
<DM name="WanName" val=""/>
</Row>
<Row No="2">
<DM name="ViewName" val="DEV.BRIDGING.BR1.BRPORT3"/>
<DM name="Enable" val="1"/>
<DM name="Alias" val="LAN2"/>
<DM name="Name" val="DEV.BRIDGING.BR1.BRPORT3"/>
<DM name="LowerLayers" val="DEV.ETH.IF2"/>
<DM name="ManagementPort" val="0"/>
<DM name="DefaultUserPriority" val="0"/>
<DM name="PriorityRegeneration" val="0,1,2,3,4,5,6,7"/>
<DM name="PVID" val="1"/>
<DM name="AcceptableFrameTypes" val="0"/>
<DM name="IngressFiltering" val="0"/>
<DM name="PriorityTagging" val="0"/>
<DM name="WanPortVlanEnable" val="0"/>
<DM name="WanPortVlanMode" val="0"/>
<DM name="WanPortVlanID" val="0"/>
<DM name="WanPortPri" val="0"/>
<DM name="ServList" val="0"/>
<DM name="WanName" val=""/>
</Row>
<Row No="3">
<DM name="ViewName" val="DEV.BRIDGING.BR1.BRPORT4"/>
<DM name="Enable" val="1"/>
<DM name="Alias" val="LAN3"/>
<DM name="Name" val="DEV.BRIDGING.BR1.BRPORT4"/>
<DM name="LowerLayers" val="DEV.ETH.IF3"/>
<DM name="ManagementPort" val="0"/>
<DM name="DefaultUserPriority" val="0"/>
<DM name="PriorityRegeneration" val="0,1,2,3,4,5,6,7"/>
<DM name="PVID" val="1"/>
<DM name="AcceptableFrameTypes" val="0"/>
<DM name="IngressFiltering" val="0"/>
<DM name="PriorityTagging" val="0"/>
<DM name="WanPortVlanEnable" val="0"/>
<DM name="WanPortVlanMode" val="0"/>
<DM name="WanPortVlanID" val="0"/>
<DM name="WanPortPri" val="0"/>
<DM name="ServList" val="0"/>
<DM name="WanName" val=""/>
</Row>
<Row No="4">
<DM name="ViewName" val="DEV.BRIDGING.BR1.BRPORT5"/>
<DM name="Enable" val="1"/>
<DM name="Alias" val="LAN4"/>
<DM name="Name" val="DEV.BRIDGING.BR1.BRPORT5"/>
<DM name="LowerLayers" val="DEV.ETH.IF4"/>
<DM name="ManagementPort" val="0"/>
<DM name="DefaultUserPriority" val="0"/>
<DM name="PriorityRegeneration" val="0,1,2,3,4,5,6,7"/>
<DM name="PVID" val="1"/>
<DM name="AcceptableFrameTypes" val="0"/>
<DM name="IngressFiltering" val="0"/>
<DM name="PriorityTagging" val="0"/>
<DM name="WanPortVlanEnable" val="0"/>
<DM name="WanPortVlanMode" val="0"/>
<DM name="WanPortVlanID" val="0"/>
<DM name="WanPortPri" val="0"/>
<DM name="ServList" val="0"/>
<DM name="WanName" val=""/>
</Row>
<Row No="5">
<DM name="ViewName" val="DEV.BRIDGING.BR1.BRPORT6"/>
<DM name="Enable" val="1"/>
<DM name="Alias" val="SSID1"/>
<DM name="Name" val="DEV.BRIDGING.BR1.BRPORT6"/>
<DM name="LowerLayers" val="DEV.WIFI.SSID1"/>
<DM name="ManagementPort" val="0"/>
<DM name="DefaultUserPriority" val="0"/>
<DM name="PriorityRegeneration" val="0,1,2,3,4,5,6,7"/>
<DM name="PVID" val="1"/>
<DM name="AcceptableFrameTypes" val="0"/>
<DM name="IngressFiltering" val="0"/>
<DM name="PriorityTagging" val="0"/>
<DM name="WanPortVlanEnable" val="0"/>
<DM name="WanPortVlanMode" val="0"/>
<DM name="WanPortVlanID" val="0"/>
<DM name="WanPortPri" val="0"/>
<DM name="ServList" val="0"/>
<DM name="WanName" val=""/>
</Row>
<Row No="6">
<DM name="ViewName" val="DEV.BRIDGING.BR1.BRPORT7"/>
<DM name="Enable" val="1"/>
<DM name="Alias" val="SSID2"/>
<DM name="Name" val="DEV.BRIDGING.BR1.BRPORT7"/>
<DM name="LowerLayers" val="DEV.WIFI.SSID2"/>
<DM name="ManagementPort" val="0"/>
<DM name="DefaultUserPriority" val="0"/>
<DM name="PriorityRegeneration" val="0,1,2,3,4,5,6,7"/>
<DM name="PVID" val="1"/>
<DM name="AcceptableFrameTypes" val="0"/>
<DM name="IngressFiltering" val="0"/>
<DM name="PriorityTagging" val="0"/>
<DM name="WanPortVlanEnable" val="0"/>
<DM name="WanPortVlanMode" val="0"/>
<DM name="WanPortVlanID" val="0"/>
<DM name="WanPortPri" val="0"/>
<DM name="ServList" val="0"/>
<DM name="WanName" val=""/>
</Row>
<Row No="7">
<DM name="ViewName" val="DEV.BRIDGING.BR1.BRPORT8"/>
<DM name="Enable" val="1"/>
<DM name="Alias" val="SSID3"/>
<DM name="Name" val="DEV.BRIDGING.BR1.BRPORT8"/>
<DM name="LowerLayers" val="DEV.WIFI.SSID3"/>
<DM name="ManagementPort" val="0"/>
<DM name="DefaultUserPriority" val="0"/>
<DM name="PriorityRegeneration" val="0,1,2,3,4,5,6,7"/>
<DM name="PVID" val="1"/>
<DM name="AcceptableFrameTypes" val="0"/>
<DM name="IngressFiltering" val="0"/>
<DM name="PriorityTagging" val="0"/>
<DM name="WanPortVlanEnable" val="0"/>
<DM name="WanPortVlanMode" val="0"/>
<DM name="WanPortVlanID" val="0"/>
<DM name="WanPortPri" val="0"/>
<DM name="ServList" val="0"/>
<DM name="WanName" val=""/>
</Row>
<Row No="8">
<DM name="ViewName" val="DEV.BRIDGING.BR1.BRPORT9"/>
<DM name="Enable" val="1"/>
<DM name="Alias" val="SSID4"/>
<DM name="Name" val="DEV.BRIDGING.BR1.BRPORT9"/>
<DM name="LowerLayers" val="DEV.WIFI.SSID4"/>
<DM name="ManagementPort" val="0"/>
<DM name="DefaultUserPriority" val="0"/>
<DM name="PriorityRegeneration" val="0,1,2,3,4,5,6,7"/>
<DM name="PVID" val="1"/>
<DM name="AcceptableFrameTypes" val="0"/>
<DM name="IngressFiltering" val="0"/>
<DM name="PriorityTagging" val="0"/>
<DM name="WanPortVlanEnable" val="0"/>
<DM name="WanPortVlanMode" val="0"/>
<DM name="WanPortVlanID" val="0"/>
<DM name="WanPortPri" val="0"/>
<DM name="ServList" val="0"/>
<DM name="WanName" val=""/>
</Row>
<Row No="9">
<DM name="ViewName" val="DEV.BRIDGING.BR1.BRPORT10"/>
<DM name="Enable" val="1"/>
<DM name="Alias" val="SSID5"/>
<DM name="Name" val="DEV.BRIDGING.BR1.BRPORT10"/>
<DM name="LowerLayers" val="DEV.WIFI.SSID5"/>
<DM name="ManagementPort" val="0"/>
<DM name="DefaultUserPriority" val="0"/>
<DM name="PriorityRegeneration" val="0,1,2,3,4,5,6,7"/>
<DM name="PVID" val="1"/>
<DM name="AcceptableFrameTypes" val="0"/>
<DM name="IngressFiltering" val="0"/>
<DM name="PriorityTagging" val="0"/>
<DM name="WanPortVlanEnable" val="0"/>
<DM name="WanPortVlanMode" val="0"/>
<DM name="WanPortVlanID" val="0"/>
<DM name="WanPortPri" val="0"/>
<DM name="ServList" val="0"/>
<DM name="WanName" val=""/>
</Row>
<Row No="10">
<DM name="ViewName" val="DEV.BRIDGING.BR1.BRPORT11"/>
<DM name="Enable" val="1"/>
<DM name="Alias" val="SSID6"/>
<DM name="Name" val="DEV.BRIDGING.BR1.BRPORT11"/>
<DM name="LowerLayers" val="DEV.WIFI.SSID6"/>
<DM name="ManagementPort" val="0"/>
<DM name="DefaultUserPriority" val="0"/>
<DM name="PriorityRegeneration" val="0,1,2,3,4,5,6,7"/>
<DM name="PVID" val="1"/>
<DM name="AcceptableFrameTypes" val="0"/>
<DM name="IngressFiltering" val="0"/>
<DM name="PriorityTagging" val="0"/>
<DM name="WanPortVlanEnable" val="0"/>
<DM name="WanPortVlanMode" val="0"/>
<DM name="WanPortVlanID" val="0"/>
<DM name="WanPortPri" val="0"/>
<DM name="ServList" val="0"/>
<DM name="WanName" val=""/>
</Row>
<Row No="11">
<DM name="ViewName" val="DEV.BRIDGING.BR1.BRPORT12"/>
<DM name="Enable" val="1"/>
<DM name="Alias" val="SSID7"/>
<DM name="Name" val="DEV.BRIDGING.BR1.BRPORT12"/>
<DM name="LowerLayers" val="DEV.WIFI.SSID7"/>
<DM name="ManagementPort" val="0"/>
<DM name="DefaultUserPriority" val="0"/>
<DM name="PriorityRegeneration" val="0,1,2,3,4,5,6,7"/>
<DM name="PVID" val="1"/>
<DM name="AcceptableFrameTypes" val="0"/>
<DM name="IngressFiltering" val="0"/>
<DM name="PriorityTagging" val="0"/>
<DM name="WanPortVlanEnable" val="0"/>
<DM name="WanPortVlanMode" val="0"/>
<DM name="WanPortVlanID" val="0"/>
<DM name="WanPortPri" val="0"/>
<DM name="ServList" val="0"/>
<DM name="WanName" val=""/>
</Row>
<Row No="12">
<DM name="ViewName" val="DEV.BRIDGING.BR1.BRPORT13"/>
<DM name="Enable" val="1"/>
<DM name="Alias" val="SSID8"/>
<DM name="Name" val="DEV.BRIDGING.BR1.BRPORT13"/>
<DM name="LowerLayers" val="DEV.WIFI.SSID8"/>
<DM name="ManagementPort" val="0"/>
<DM name="DefaultUserPriority" val="0"/>
<DM name="PriorityRegeneration" val="0,1,2,3,4,5,6,7"/>
<DM name="PVID" val="1"/>
<DM name="AcceptableFrameTypes" val="0"/>
<DM name="IngressFiltering" val="0"/>
<DM name="PriorityTagging" val="0"/>
<DM name="WanPortVlanEnable" val="0"/>
<DM name="WanPortVlanMode" val="0"/>
<DM name="WanPortVlanID" val="0"/>
<DM name="WanPortPri" val="0"/>
<DM name="ServList" val="0"/>
<DM name="WanName" val=""/>
</Row>
<Row No="13">
<DM name="ViewName" val="DEV.BRIDGING.BR1.BRPORT14"/>
<DM name="Enable" val="1"/>
<DM name="Alias" val="RADIO1.BSS1"/>
<DM name="Name" val="DEV.BRIDGING.BR1.BRPORT14"/>
<DM name="LowerLayers" val="DEV.WIFI.RADIO1.BSS1"/>
<DM name="ManagementPort" val="0"/>
<DM name="DefaultUserPriority" val="0"/>
<DM name="PriorityRegeneration" val="0,1,2,3,4,5,6,7"/>
<DM name="PVID" val="1"/>
<DM name="AcceptableFrameTypes" val="0"/>
<DM name="IngressFiltering" val="0"/>
<DM name="PriorityTagging" val="0"/>
<DM name="WanPortVlanEnable" val="0"/>
<DM name="WanPortVlanMode" val="0"/>
<DM name="WanPortVlanID" val="0"/>
<DM name="WanPortPri" val="0"/>
<DM name="ServList" val="0"/>
<DM name="WanName" val=""/>
<DM name="HideState" val="1"/>
</Row>
<Row No="14">
<DM name="ViewName" val="DEV.BRIDGING.BR1.BRPORT15"/>
<DM name="Enable" val="1"/>
<DM name="Alias" val="RADIO2.BSS1"/>
<DM name="Name" val="DEV.BRIDGING.BR1.BRPORT15"/>
<DM name="LowerLayers" val="DEV.WIFI.RADIO2.BSS1"/>
<DM name="ManagementPort" val="0"/>
<DM name="DefaultUserPriority" val="0"/>
<DM name="PriorityRegeneration" val="0,1,2,3,4,5,6,7"/>
<DM name="PVID" val="1"/>
<DM name="AcceptableFrameTypes" val="0"/>
<DM name="IngressFiltering" val="0"/>
<DM name="PriorityTagging" val="0"/>
<DM name="WanPortVlanEnable" val="0"/>
<DM name="WanPortVlanMode" val="0"/>
<DM name="WanPortVlanID" val="0"/>
<DM name="WanPortPri" val="0"/>
<DM name="ServList" val="0"/>
<DM name="WanName" val=""/>
<DM name="HideState" val="1"/>
</Row>
<Row No="15">
<DM name="ViewName" val="DEV.BRIDGING.BR1.BRPORT16"/>
<DM name="Enable" val="1"/>
<DM name="Alias" val="APCLI2G"/>
<DM name="Name" val="DEV.BRIDGING.BR1.BRPORT16"/>
<DM name="LowerLayers" val="DEV.WIFI.STAPROFILE1"/>
<DM name="ManagementPort" val="0"/>
<DM name="DefaultUserPriority" val="0"/>
<DM name="PriorityRegeneration" val="0,1,2,3,4,5,6,7"/>
<DM name="PVID" val="1"/>
<DM name="AcceptableFrameTypes" val="0"/>
<DM name="IngressFiltering" val="0"/>
<DM name="PriorityTagging" val="0"/>
<DM name="WanPortVlanEnable" val="0"/>
<DM name="WanPortVlanMode" val="0"/>
<DM name="WanPortVlanID" val="0"/>
<DM name="WanPortPri" val="0"/>
<DM name="ServList" val="0"/>
<DM name="WanName" val=""/>
<DM name="HideState" val="1"/>
</Row>
<Row No="16">
<DM name="ViewName" val="DEV.BRIDGING.BR1.BRPORT17"/>
<DM name="Enable" val="1"/>
<DM name="Alias" val="APCLI5G"/>
<DM name="Name" val="DEV.BRIDGING.BR1.BRPORT17"/>
<DM name="LowerLayers" val="DEV.WIFI.STAPROFILE2"/>
<DM name="ManagementPort" val="0"/>
<DM name="DefaultUserPriority" val="0"/>
<DM name="PriorityRegeneration" val="0,1,2,3,4,5,6,7"/>
<DM name="PVID" val="1"/>
<DM name="AcceptableFrameTypes" val="0"/>
<DM name="IngressFiltering" val="0"/>
<DM name="PriorityTagging" val="0"/>
<DM name="WanPortVlanEnable" val="0"/>
<DM name="WanPortVlanMode" val="0"/>
<DM name="WanPortVlanID" val="0"/>
<DM name="WanPortPri" val="0"/>
<DM name="ServList" val="0"/>
<DM name="WanName" val=""/>
<DM name="HideState" val="1"/>
</Row>
</Tbl>
<Tbl name="Relation" RowCount="5">
<Row No="0">
<DM name="ViewName" val="DEV.REL1"/>
<DM name="Path" val="DEV.DT2.DEV.IP.IF2"/>
</Row>
<Row No="1">
<DM name="ViewName" val="DEV.REL2"/>
<DM name="Path" val="DEV.ETH.IF5.DEV.ETH.LINK2.DEV.ETH.VLAN1.DEV.PPP.IF1.DEV.IP.IF3"/>
</Row>
<Row No="2">
<DM name="ViewName" val="DEV.REL3"/>
<DM name="Path" val="DEV.ETH.IF5.DEV.ETH.LINK3.DEV.ETH.VLAN2.DEV.IP.IF4.DEV.V4DP.CLIENT2"/>
</Row>
<Row No="3">
<DM name="ViewName" val="DEV.REL4"/>
<DM name="Path" val="DEV.ETH.IF5.DEV.ETH.LINK4.DEV.ETH.VLAN3.DEV.IP.IF5.DEV.V4DP.CLIENT3"/>
</Row>
<Row No="4">
<DM name="ViewName" val="DEV.REL5"/>
<DM name="Path" val="DEV.ETH.IF5.DEV.ETH.LINK5.DEV.ETH.VLAN4.DEV.IP.IF6.DEV.V4DP.CLIENT4"/>
</Row>
</Tbl>
<Tbl name="MultiUplink" RowCount="2">
<Row No="0">
<DM name="ViewName" val="IGD.MULTIUP1"/>
<DM name="IF_ID" val="DEV.ETH.IF5"/>
<DM name="IsBakup" val="0"/>
<DM name="Priority" val="0"/>
<DM name="NeedPowerOp" val="1"/>
<DM name="UpCondition" val="1"/>
<DM name="DownCondition" val="1"/>
<DM name="DelayUpTime" val="10"/>
</Row>
<Row No="1">
<DM name="ViewName" val="IGD.MULTIUP2"/>
<DM name="IF_ID" val="DEV.POTS1"/>
<DM name="IsBakup" val="1"/>
<DM name="Priority" val="1"/>
<DM name="NeedPowerOp" val="0"/>
<DM name="UpCondition" val="0"/>
<DM name="DownCondition" val="0"/>
<DM name="DelayUpTime" val="30"/>
</Row>
</Tbl>
<Tbl name="DHCP4sServer" RowCount="1">
<Row No="0">
<DM name="Enable" val="1"/>
<DM name="RebootRequestEnable" val="1"/>
</Row>
</Tbl>
<Tbl name="DHCP4sPool" RowCount="1">
<Row No="0">
<DM name="ViewName" val="DEV.V4DP.Sr.Pl1"/>
<DM name="Enable" val="1"/>
<DM name="Status" val="1"/>
<DM name="Alias" val="DefaultPool"/>
<DM name="Order" val="0"/>
<DM name="Interface" val="DEV.IP.IF1"/>
<DM name="ProcFlag" val="0"/>
<DM name="IsDefault" val="1"/>
<DM name="DnsServerSource" val="0"/>
<DM name="VendorClassID" val="*"/>
<DM name="ClientID" val=""/>
<DM name="UserClassID" val="*"/>
<DM name="PoolName" val="DefaultPool"/>
<DM name="MinAddress" val="192.168.1.2"/>
<DM name="MaxAddress" val="192.168.1.254"/>
<DM name="ReservedAddresses" val=""/>
<DM name="SubnetMask" val="255.255.255.0"/>
<DM name="DNSServers1" val="192.168.1.1"/>
<DM name="DNSServers2" val="0.0.0.0"/>
<DM name="DNSServers3" val="0.0.0.0"/>
<DM name="DomainName" val="home"/>
<DM name="IPRouters" val="192.168.1.1"/>
<DM name="LeaseTime" val="86400"/>
</Row>
</Tbl>
<Tbl name="NatIfSetting" RowCount="5">
<Row No="0">
<DM name="ViewName" val="DEV.NAT.IfSetting1"/>
<DM name="Enable" val="1"/>
<DM name="Alias" val="DEV.NAT.IfSetting1"/>
<DM name="Interface" val="DEV.IP.IF2"/>
</Row>
<Row No="1">
<DM name="ViewName" val="DEV.NAT.IfSetting2"/>
<DM name="Enable" val="1"/>
<DM name="Alias" val="DEV.NAT.IfSetting2"/>
<DM name="Interface" val="DEV.IP.IF3"/>
</Row>
<Row No="2">
<DM name="ViewName" val="DEV.NAT.IfSetting3"/>
<DM name="Enable" val="0"/>
<DM name="Alias" val="DEV.NAT.IfSetting3"/>
<DM name="Interface" val="DEV.IP.IF4"/>
</Row>
<Row No="3">
<DM name="ViewName" val="DEV.NAT.IfSetting4"/>
<DM name="Enable" val="1"/>
<DM name="Alias" val="DEV.NAT.IfSetting4"/>
<DM name="Interface" val="DEV.IP.IF5"/>
</Row>
<Row No="4">
<DM name="ViewName" val="DEV.NAT.IfSetting5"/>
<DM name="Enable" val="0"/>
<DM name="Alias" val="DEV.NAT.IfSetting5"/>
<DM name="Interface" val="DEV.IP.IF6"/>
</Row>
</Tbl>
<Tbl name="DevPOTS" RowCount="1">
<Row No="0">
<DM name="ViewName" val="DEV.POTS1"/>
<DM name="Enable" val="1"/>
<DM name="Alias" val="DEV.POTS1"/>
</Row>
</Tbl>
<Tbl name="FWLevel" RowCount="1">
<Row No="0">
<DM name="Level" val="High"/>
<DM name="AdvancedLevel" val="DEV.FW.LEVEL1"/>
</Row>
</Tbl>
<Tbl name="DevDongType" RowCount="2">
<Row No="0">
<DM name="ViewName" val="DEV.DT1"/>
<DM name="Enable" val="1"/>
<DM name="Alias" val="ModemDongle"/>
<DM name="DongleType" val="1"/>
<DM name="LowerLayers" val="DEV.POTS1"/>
</Row>
<Row No="1">
<DM name="ViewName" val="DEV.DT2"/>
<DM name="Enable" val="1"/>
<DM name="Alias" val="RouteDongle"/>
<DM name="DongleType" val="2"/>
<DM name="LowerLayers" val="DEV.POTS1"/>
</Row>
</Tbl>
<Tbl name="Log" RowCount="1">
<Row No="0">
<DM name="LogEnable" val="0"/>
<DM name="LogLevel" val="3"/>
<DM name="SerialEnable" val="0"/>
</Row>
</Tbl>
<Tbl name="SSHCfg" RowCount="1">
<Row No="0">
<DM name="SSH_Enable" val="1"/>
<DM name="SSH_ProcType" val="0"/>
</Row>
</Tbl>
<Tbl name="FWSC" RowCount="1">
<Row No="0">
<DM name="ViewName" val="IGD.FWSc.FWSC1"/>
<DM name="Name" val="Rule1"/>
<DM name="IPMode" val="1"/>
<DM name="Enable" val="1"/>
<DM name="INCViewName" val="DEV.IP.IF6"/>
<DM name="MinSrcIp" val="0.0.0.0"/>
<DM name="MinSrcMask" val="0.0.0.0"/>
<DM name="MaxSrcIp" val="0.0.0.0"/>
<DM name="Prefix" val="::"/>
<DM name="PrefixLen" val="0"/>
<DM name="Servise" val="0"/>
<DM name="ServiceList" val="HTTP,FTP,SSH,TELNET,HTTPS,PING"/>
<DM name="FilterTarget" val="1"/>
</Row>
</Tbl>
<Tbl name="MgtServer" RowCount="1">
<Row No="0">
<DM name="URL" val="http://10.200.20.2:10005/acs"/>
<DM name="PeriodicInformInterval" val="300"/>
<DM name="ConnectionRequestURL" val="10501"/>
<DM name="ConnectionRequestUsername" val="ACS"/>
<DM name="ConnectionRequestPassword" val="crp"/>
<DM name="SupportCertAuth" val="0"/>
</Row>
</Tbl>
<Tbl name="PortControl" RowCount="8">
<Row No="0">
<DM name="ViewName" val="IGD.PortControl1"/>
<DM name="PortValue" val="80"/>
<DM name="IPv6PortValue" val="0"/>
<DM name="PortEnable" val="0"/>
<DM name="ServName" val="HTTP"/>
<DM name="Protocol" val="TCP"/>
<DM name="ServIPMode" val="3"/>
<DM name="PortLANEnable" val="1"/>
</Row>
<Row No="1">
<DM name="ViewName" val="IGD.PortControl2"/>
<DM name="PortValue" val="21"/>
<DM name="IPv6PortValue" val="0"/>
<DM name="PortEnable" val="0"/>
<DM name="ServName" val="FTP"/>
<DM name="Protocol" val="TCP"/>
<DM name="ServIPMode" val="3"/>
<DM name="PortLANEnable" val="1"/>
</Row>
<Row No="2">
<DM name="ViewName" val="IGD.PortControl3"/>
<DM name="PortValue" val="22"/>
<DM name="IPv6PortValue" val="0"/>
<DM name="PortEnable" val="0"/>
<DM name="ServName" val="SSH"/>
<DM name="Protocol" val="TCP"/>
<DM name="ServIPMode" val="3"/>
<DM name="PortLANEnable" val="1"/>
</Row>
<Row No="3">
<DM name="ViewName" val="IGD.PortControl4"/>
<DM name="PortValue" val="23"/>
<DM name="IPv6PortValue" val="0"/>
<DM name="PortEnable" val="0"/>
<DM name="ServName" val="TELNET"/>
<DM name="Protocol" val="TCP"/>
<DM name="ServIPMode" val="3"/>
<DM name="PortLANEnable" val="1"/>
</Row>
<Row No="4">
<DM name="ViewName" val="IGD.PortControl5"/>
<DM name="PortValue" val="443"/>
<DM name="IPv6PortValue" val="0"/>
<DM name="PortEnable" val="0"/>
<DM name="ServName" val="HTTPS"/>
<DM name="Protocol" val="TCP"/>
<DM name="ServIPMode" val="3"/>
<DM name="PortLANEnable" val="1"/>
</Row>
<Row No="5">
<DM name="ViewName" val="IGD.PortControl6"/>
<DM name="PortValue" val="161"/>
<DM name="IPv6PortValue" val="0"/>
<DM name="PortEnable" val="1"/>
<DM name="ServName" val="SNMP"/>
<DM name="Protocol" val="UDP"/>
<DM name="ServIPMode" val="0"/>
<DM name="PortLANEnable" val="1"/>
</Row>
<Row No="6">
<DM name="ViewName" val="IGD.PortControl7"/>
<DM name="PortValue" val="30001"/>
<DM name="IPv6PortValue" val="0"/>
<DM name="PortEnable" val="1"/>
<DM name="ServName" val="TR069"/>
<DM name="Protocol" val="TCP"/>
<DM name="ServIPMode" val="0"/>
<DM name="PortLANEnable" val="1"/>
</Row>
<Row No="7">
<DM name="ViewName" val="IGD.PortControl8"/>
<DM name="PortValue" val="0"/>
<DM name="IPv6PortValue" val="0"/>
<DM name="PortEnable" val="1"/>
<DM name="ServName" val="PING"/>
<DM name="Protocol" val="ICMP"/>
<DM name="ServIPMode" val="3"/>
<DM name="PortLANEnable" val="1"/>
</Row>
</Tbl>
<Tbl name="PPPIF" RowCount="1">
<Row No="0">
<DM name="ViewName" val="DEV.PPP.IF1"/>
<DM name="Enable" val="1"/>
<DM name="Alias" val="PPP_IF1"/>
<DM name="LowerLayers" val="DEV.ETH.VLAN1"/>
<DM name="Name" val="DEV.PPP.IF1"/>
<DM name="AutoDisconnectTime" val="0"/>
<DM name="IdleDisconnectTime" val="1200"/>
<DM name="WarnDisconnectDelay" val="0"/>
<DM name="Username" val=""/>
<DM name="Password" val=""/>
<DM name="MaxMRUSize" val="1492"/>
<DM name="ConnectionTrigger" val="0"/>
<DM name="IPCPEnable" val="1"/>
<DM name="IPv6CPEnable" val="0"/>
<DM name="AuthenticationProtocol" val="0"/>
<DM name="EchoTime" val="30"/>
<DM name="EchoRetry" val="5"/>
<DM name="ACName" val=""/>
<DM name="ServiceName" val=""/>
<DM name="ValidWANRx" val="0"/>
<DM name="ValidLANTx" val="1"/>
<DM name="HostTrigger" val="0"/>
<DM name="TtyDialNum" val=""/>
<DM name="TtyAPN" val=""/>
<DM name="TtyPDPType" val="0"/>
<DM name="GUATrigger" val="0"/>
<DM name="DNSv6Trigger" val="0"/>
<DM name="PrefixTrigger" val="0"/>
<DM name="AFTRTrigger" val="0"/>
<DM name="Addressingtype" val="0"/>
<DM name="StaticIPAddress" val="0.0.0.0"/>
<DM name="StaticDNS1" val="0.0.0.0"/>
<DM name="StaticDNS2" val="0.0.0.0"/>
<DM name="StaticDNS3" val="0.0.0.0"/>
</Row>
</Tbl>
<Tbl name="QOSBasic" RowCount="1">
<Row No="0">
<DM name="Enable" val="1"/>
</Row>
</Tbl>
<Tbl name="UPnPCfg" RowCount="1">
<Row No="0">
<DM name="EnableUPnPIGD" val="1"/>
</Row>
</Tbl>
<Tbl name="MultiAPCfg" RowCount="1">
<Row No="0">
<DM name="Mode" val="2"/>
</Row>
</Tbl>
<Tbl name="IGMPProxy" RowCount="1">
<Row No="0">
<DM name="Enable" val="1"/>
<DM name="QueueNum" val="2"/>
</Row>
</Tbl>
<Tbl name="BrPortPermit" RowCount="4">
<Row No="0">
<DM name="ViewName" val="DEV.BrPortPermit1"/>
<DM name="SrcPort" val="Ports_WAN"/>
<DM name="DesPort" val="Ports_WAN"/>
<DM name="Type" val="block"/>
</Row>
<Row No="1">
<DM name="ViewName" val="DEV.BrPortPermit2"/>
<DM name="SrcPort" val="Ports_MP"/>
<DM name="DesPort" val="Ports_WAN"/>
<DM name="Type" val="block"/>
</Row>
<Row No="2">
<DM name="ViewName" val="DEV.BrPortPermit3"/>
<DM name="SrcPort" val="SSID4"/>
<DM name="DesPort" val="Ports_LAN"/>
<DM name="Type" val="block"/>
</Row>
<Row No="3">
<DM name="ViewName" val="DEV.BrPortPermit4"/>
<DM name="SrcPort" val="SSID4"/>
<DM name="DesPort" val="Ports_LOCAL"/>
<DM name="Type" val="block"/>
</Row>
</Tbl>
</DB>
